1,Dwarf Siberian Pine,otros,46.04,Pinus pumila (Pall.) Regel,Lemke-Hammes
2,Woodyfruit Evening Primrose,rosa,68.15,Oenothera xylocarpa Coville,"Torphy, Mohr and Kuhlman"
3,Texas Crested Coralroot,otros,91.1,Hexalectris warnockii Ames & Correll,Howe and Sons
4,Johnston's Honeysuckle,otros,45.73,Lonicera subspicata Hook. & Arn. var. johnstonii D.D. Keck,Balistreri-Lemke
5,Cold Spring Blackberry,rosa,48.17,Rubus originalis L.H. Bailey,"Kilback, McDermott and Rodriguez"
6,Marigold,otros,56.65,Calendula L.,"Hirthe, Gulgowski and Beahan"
7,Heartleaf Groundcherry,rosa,69.92,Physalis cordata Mill.,"Wisoky, Denesik and Bergnaum"
8,Scribble Lichen,bonsai,43.57,Opegrapha protuberans Zahlbr.,Stark-Collins
9,Largeflower Triteleia,rosa,36.17,Triteleia grandiflora Lindl.,Kessler Inc
10,Florida Balm,bonsai,35.31,Dicerandra densiflora Benth.,Brown-Lindgren
11,Alkali Seaheath,bonsai,36.2,Frankenia salina (Molina) I.M. Johnst.,"Stanton, Glover and Gleason"
12,European Cranberrybush,orquidea,39.69,Viburnum opulus L.,"Grant, Bechtelar and Roberts"
13,Baker's Manzanita,otros,80.88,Arctostaphylos bakeri Eastw.,Gleichner-D'Amore
14,Silver Maple,orquidea,99.02,Acer saccharinum L.,Turner and Sons
15,Rampion Mignonette,otros,53.52,Reseda phyteuma L.,Brekke-Rau
16,Woolly Prairie Clover,otros,87.48,Dalea lanata Spreng. var. terminalis (M.E. Jones) Barneby,"Gibson, Marquardt and Jones"
17,Virgilia,otros,56.8,"Virgilia Poir., nom. cons.",Beer-Rohan
18,Charleston Mountain Kittentails,bonsai,45.68,Synthyris ranunculina Pennell,Bednar LLC
19,Tropical Pondweed,bonsai,35.89,Potamogeton insulanus Hagstr.,Stanton Inc
20,Stiff Blue-eyed Grass,rosa,24.93,Sisyrinchium demissum Greene,Wiegand Group
21,Northern Catalpa,orquidea,24.03,Catalpa speciosa (Warder) Warder ex Engelm.,Hamill-Muller
22,Corn Speedwell,otros,14.88,Veronica arvensis L.,Morar-VonRueden
23,Olney's Hairy Sedge,orquidea,98.94,Carex gynodynama Olney,"Ankunding, Schaden and Goldner"
24,Indusiella Moss,rosa,73.8,Indusiella Broth. & Müll. Hal.,"Gorczany, Batz and Pacocha"
25,Sierra Gooseberry,rosa,93.78,Ribes roezlii Regel,"Hermiston, Keebler and Ritchie"
26,Desert Ceanothus,rosa,76.54,Ceanothus greggii A. Gray var. greggii,"Braun, Hagenes and Little"
27,Bushy Seaside Tansy,rosa,79.56,Borrichia frutescens (L.) DC.,Cronin-Williamson
28,Xanthoparmelia Lichen,orquidea,81.15,Xanthoparmelia oleosa (Elix & P.M. Armstrong) Elix & T. Nash,"Welch, Nader and Shanahan"
29,Toothleaf Goldeneye,rosa,16.24,Viguiera dentata (Cav.) Spreng.,"Blick, Beatty and Gleason"
30,Luffa,bonsai,24.13,Luffa operculata (L.) Cogn.,"Welch, Walsh and Windler"
31,Yerba De Culebra,otros,33.99,Bacopa stricta (Schrad.) B.L. Rob.,Ortiz LLC
32,Yellow Leafbract,rosa,86.77,Malachra alceifolia Jacq.,Bode LLC
33,Clustered Mille Graines,orquidea,2.46,Oldenlandia uniflora L.,Skiles LLC
34,Parry's Townsend Daisy,bonsai,26.32,Townsendia parryi D.C. Eaton,Hickle-McClure
35,Siberian Oatgrass,otros,88.8,Trisetum sibiricum Rupr. ssp. sibiricum,"King, Goyette and Luettgen"
36,Narrowleaf Blue Eyed Mary,orquidea,70.53,Collinsia linearis A. Gray,Mann Inc
37,Fourpart Horsebrush,otros,33.85,Tetradymia tetrameres (S.F. Blake) Strother,Rolfson-Parisian
38,Navajo Mountain Phlox,bonsai,43.93,Phlox cluteana A. Nelson,Prosacco-Altenwerth
39,Tortella Moss,rosa,98.99,Tortella inclinata (R. Hedw.) Limpr.,"Goldner, Marks and Upton"
40,Watson's Penstemon,rosa,69.25,Penstemon watsonii A. Gray,"Quitzon, Haley and Anderson"
41,Star Duckweed,orquidea,73.41,Lemna trisulca L.,Cassin-Doyle
42,Crimson Toadflax,orquidea,38.37,Linaria incarnata (Vent.) Spreng.,Blanda Group
43,Climbing Hempvine,bonsai,44.96,Mikania scandens (L.) Willd.,Towne-Mraz
44,Henderson's Fawnlily,bonsai,88.16,Erythronium hendersonii S. Watson,Fahey and Sons
45,Red Alder,orquidea,28.28,Alnus rubra Bong.,"Lesch, Larson and Goyette"
46,Blue Ridge Sedge,orquidea,88.35,Carex lucorum Willd. ex Link var. austrolucorum J. Rettig,"Nicolas, Lemke and Sauer"
47,Checkered Jointtail Grass,otros,62.08,Coelorachis tessellata (Steud.) Nash,"Nolan, Reichel and Stracke"
48,Largeleaf Brunnera,rosa,46.03,Brunnera macrophylla (J.F. Adams) I.M. Johnst.,"Rau, Rempel and Lang"
49,Riverbank Grape,otros,72.05,Vitis riparia Michx.,Koelpin-D'Amore
50,Usnea Phaeosporobolus,bonsai,49.81,Phaeosporobolus usneae D. Hawksw. & Hafellner,Schinner Inc
51,Groundplum Milkvetch,rosa,15.66,Astragalus crassicarpus Nutt.,"Leffler, Schaefer and Muller"
52,Fendler's Globemallow,orquidea,93.26,Sphaeralcea fendleri A. Gray,"Huels, Dicki and Wilkinson"
53,Muskingum Sedge,orquidea,64.05,Carex muskingumensis Schwein.,Jenkins-Stamm
54,Purpleflower Pinkroot,bonsai,46.1,Spigelia gentianoides Chapm. ex A. DC.,"Braun, Douglas and Mueller"
55,Woodfern,bonsai,9.82,Dryopteris ×leedsii Wherry,Goodwin-Ebert
56,Sulphur Cinquefoil,orquidea,42.99,Potentilla recta L.,Lindgren-Nikolaus
57,Peck's Blacksnakeroot,bonsai,36.24,Sanicula peckiana J.F. Macbr.,"Kshlerin, Zieme and Crooks"
58,Piedmont Cowbane,bonsai,93.46,Oxypolis ternata (Nutt.) A. Heller,Sipes-Cremin
59,Cup Lichen,otros,75.1,Cladonia luteoalba Wheldon & A. Wilson,"Trantow, Koch and Conroy"
60,Slender Meadowfoam,bonsai,62.28,Limnanthes gracilis Howell ssp. gracilis,Kassulke-Cummings
61,Fourspike Heliotrope,orquidea,86.49,Heliotropium procumbens Mill. var. depressum (Cham.) Fosberg,"Nicolas, Gleichner and Carroll"
62,Stalkleaf Murainagrass,rosa,70.47,Ischaemum timorense Kunth,Von-Graham
63,Three-way Sedge,bonsai,27.81,Dulichium arundinaceum (L.) Britton var. arundinaceum,Will LLC
64,Turniproot,orquidea,40.99,Pediomelum cyphocalyx (A. Gray) Rydb.,Sanford-Leannon
65,Nightshade,otros,87.66,Solanum khasianum C.B. Clarke,Hessel LLC
66,False Daisy,otros,3.27,Eclipta prostrata (L.) L.,Crona and Sons
67,Silverleaf Mountain Gum,rosa,83.59,Eucalyptus pulverulenta Sims,Moore Inc
68,Yellow ‘ilima,otros,80.78,Sida fallax Walp.,Schmeler LLC
69,Uñi,otros,46.02,Ugni Turcz.,"Bartell, Blick and Feil"
70,Texas Lespedeza,bonsai,86.13,Lespedeza texana Britton,"Zieme, Heidenreich and Kemmer"
71,Scalloped Moonwort,otros,31.83,Botrychium crenulatum W.H. Wagner,"Kling, Balistreri and Raynor"
72,Rinodina Lichen,rosa,95.73,Rinodina granuligera H. Magn.,"Treutel, Friesen and Hahn"
73,Stansbury's Rockdaisy,otros,51.93,Perityle stansburyi (A. Gray) J.F. Macbr.,"Treutel, O'Kon and Mueller"
74,Vavilov's Wheat,otros,81.99,Triticum vavilovii Jakubz.,Koss-Bruen
75,Syrrhopodon Moss,otros,39.2,Syrrhopodon Schwägr.,"Grady, Rempel and Rath"
76,Water Dead And Awake,otros,12.85,Neptunia plena (L.) Benth.,Conroy and Sons
77,Upland Cotton,otros,69.97,Gossypium hirsutum L. var. hirsutum,"Grant, Stark and Koch"
78,Iochroma,bonsai,6.15,"Iochroma Benth., nom. cons.",Walsh-Ratke
79,Blepharizonia,otros,33.58,Blepharizonia Greene,Fadel Inc
80,Erect Spiderling,otros,2.6,Boerhavia erecta L.,"Senger, Sawayn and Murray"
81,Rock Ragwort,bonsai,70.17,Senecio rupestris Waldst. & Kit.,Jacobs Inc
82,Wildrye,otros,51.66,Leymus Hochst.,Bruen-Howe
83,Pacific Anemone,otros,17.74,Anemone multifida Poir. var. tetonensis (Porter ex Britton) C.L. Hitchc.,"Ernser, Feil and Williamson"
84,Bergia,rosa,61.13,Bergia L.,Grady-Franecki
85,Spiked Ipomopsis,otros,47.67,Ipomopsis spicata (Nutt.) V.E. Grant ssp. spicata,"Schultz, Jenkins and Goodwin"
86,Idaho Fleabane,otros,88.85,Erigeron asperugineus (D.C. Eaton) A. Gray,Ferry-Rosenbaum
87,Thamnobryum Moss,rosa,95.69,Thamnobryum Nieuwl.,Murazik Group
88,Hawai'i Roughbush,orquidea,13.07,Streblus pendulinus (Endl.) F. Muell.,Welch LLC
89,Annual Wheatgrass,bonsai,20.47,Eremopyrum triticeum (Gaertn.) Nevski,Frami Group
90,Catnip Noseburn,otros,27.72,Tragia nepetifolia Cav.,Volkman and Sons
91,Torrey's Sphagnum,orquidea,26.66,Sphagnum torreyanum Sull.,"Ratke, Rohan and Hahn"
92,Upland Boneset,otros,18.01,Eupatorium sessilifolium L.,"Nitzsche, Blanda and Jakubowski"
93,Umbrella Bulrush,rosa,71.7,Scirpus diffusus Schuyler,Bogan-Larson
94,Chrysactinia,rosa,14.72,Chrysactinia A. Gray,"Schamberger, Bauch and Wolf"
95,Canyon Morning-glory,bonsai,14.63,Ipomoea barbatisepala A. Gray,Bailey Group
96,Narrowstem Cryptantha,orquidea,35.89,Cryptantha gracilis Osterh.,"Hansen, Windler and Jakubowski"
97,Dot Lichen,bonsai,94.53,Arthonia albofuscescens Tuck.,Daniel Group
98,Leopoldinia,rosa,35.66,Leopoldinia Mart.,Koss-Schimmel
99,Meadow Deathcamas,bonsai,63.25,Zigadenus venenosus S. Watson var. venenosus,Stanton Inc
100,Indian Lettuce,orquidea,64.17,Lactuca indica L.,"Kuvalis, Lebsack and MacGyver"
101,Tall Cottongrass,bonsai,73.65,Eriophorum angustifolium Honck. ssp. triste (Th. Fr.) Hultén,"Lubowitz, Kohler and Cummerata"
102,Nemoca,orquidea,42.95,Ocotea moschata (Pav. ex Meisn.) Mez,Mitchell-Adams
103,Alpine Flatsedge,bonsai,83.53,Cyperus fauriei Kük.,Walter-Marvin
104,Plains Fleabane,otros,55.1,Erigeron modestus A. Gray,Volkman-Spinka
105,Creepingoxeye,rosa,51.22,Wedelia Jacq.,"Anderson, Kreiger and Hilll"
106,Kauai False Lobelia,orquidea,6.49,Trematolobelia kauaiensis (Rock) Skottsb.,"Crooks, Gutmann and Klein"
107,Harvey's Beaksedge,bonsai,88.92,Rhynchospora harveyi W. Boott var. harveyi,Nicolas and Sons
108,Lantana,orquidea,35.33,Lantana L.,Wunsch Inc
109,Spike Lichen,orquidea,14.87,Calicium Pers.,"Ernser, Padberg and Conn"
110,Different-nerve Sedge,otros,10.85,Carex heteroneura W. Boott var. epapillosa (Mack.) F.J. Herm.,Lakin-Marquardt
111,Pumpelly's Brome,otros,92.25,Bromus inermis Leyss. ssp. pumpellianus (Scribn.) Wagnon var. arcticus (Shear ex Scribn. & Merr.) Wagnon,Turcotte-Gorczany
112,Whitethorn Acacia,rosa,78.21,Acacia constricta Benth. var. constricta,Johnson and Sons
113,Northern Sanicle,orquidea,73.88,Sanicula graveolens Poepp. ex DC.,Satterfield Group
114,Bushy Bluestem,bonsai,93.76,"Andropogon glomeratus (Walter) Britton, Sterns & Poggenb. var. pumilus Vasey ex L.H. Dewey","Towne, Oberbrunner and Lockman"
115,Polyblastia Lichen,orquidea,55.8,Polyblastia hyperborea Th. Fr. var. macrospora Lynge,Schamberger LLC
116,Nashville Hawthorn,otros,47.16,Crataegus ater Ashe,"Gusikowski, Ledner and Nicolas"
117,Ragged Marsh-elder,bonsai,82.28,Hedosyne ambrosiifolia (A. Gray) Strother,Runolfsdottir Inc
118,Canadian Arctic Draba,rosa,11.86,Draba oblongata R. Br. ex DC.,Schamberger and Sons
119,Fish Lake Thistle,orquidea,7.8,Cirsium clavatum (M.E. Jones) Petr.,"Mayert, Thompson and Lakin"
120,Stinking Hawksbeard,otros,24.79,Crepis foetida L. var. foetida,Leannon and Sons
121,Seaside Sandplant,otros,28.45,Honckenya peploides (L.) Ehrh. ssp. major (Hook.) Hultén,"Hilll, Sauer and Shields"
122,Spreading Amaranth,rosa,93.62,Amaranthus crassipes Schltdl. var. crassipes,Gutmann Inc
123,Arctic Bluegrass,otros,97.7,Poa arctica R. Br. ssp. aperta (Scribn. & Merr.) Soreng,Moore Group
124,Wood Wakerobin,orquidea,47.17,Trillium viride Beck,Howe-Schimmel
125,Purple Sage,orquidea,12.8,Salvia dorrii (Kellogg) Abrams ssp. dorrii,Hoeger-Hodkiewicz
126,Pochote,otros,89.01,Ceiba aesculifolia (Kunth) Britten & Baker f.,Windler-Bechtelar
127,Bright Green Dudleya,bonsai,92.27,Dudleya virens (Rose) Moran ssp. insularis (Rose) Moran,"Fadel, Jacobs and Howe"
128,Leycesteria,rosa,1.28,Leycesteria Wall.,Schaden-Russel
129,White Box,bonsai,29.47,Eucalyptus hemiphloia F. Muell. ex Benth.,Becker-Reichel
130,Waikane Valley Cyrtandra,orquidea,29.86,Cyrtandra kaulantha H. St. John & Storey,Rowe-Keebler
131,Sonora False Goldenaster,orquidea,59.12,Heterotheca marginata Semple,Wunsch Inc
132,Pink Sand Verbena,bonsai,90.92,Abronia umbellata Lam.,Hintz-Wiza
133,California Alsia Moss,bonsai,96.74,Alsia californica (Hook. & Arn.) Sull.,Abbott-Leannon
134,Zion Milkvetch,orquidea,43.22,Astragalus zionis M.E. Jones var. vigulus S.L. Welsh,D'Amore Inc
135,Manyflower Broomrape,orquidea,90.6,Orobanche ludoviciana Nutt. ssp. multiflora (Nutt.) T.S. Collins ex H.L. White & W.C. Holmes,"Bogisich, Bergstrom and Swaniawski"
136,Hakone Grass,orquidea,73.56,Hakonechloa macra (Munro) Makino,"Paucek, Hintz and Gorczany"
137,Chinese Firethorn,otros,30.08,Pyracantha fortuneana (Maxim.) Li,"Hoppe, Daniel and Graham"
138,Coastal Sand Verbena,orquidea,39.84,Abronia latifolia Eschsch.,"Greenfelder, Quigley and Tromp"
139,Hansen's Clover,bonsai,48.72,Trifolium longipes Nutt. ssp. hansenii (Greene) J.M. Gillett,Dach LLC
140,Ghost Gum,orquidea,99.98,Corymbia papuana (F. Muell.) K.D. Hill & L.A.S. Johnson,Lueilwitz Inc
141,Pine Barren Ticktrefoil,otros,10.94,Desmodium strictum (Pursh) DC.,"Volkman, Cummings and Waelchi"
142,Wright's Dogweed,rosa,15.3,Adenophyllum wrightii A. Gray,"Prohaska, Cummings and Schuppe"
143,Vancouver Island Beggarticks,otros,17.72,Bidens amplissima Greene,"Mayert, Spinka and Lindgren"
144,Buttonia,rosa,3.05,Buttonia McKen ex Benth.,Cassin-Conroy
145,Hooker's Scratchdaisy,rosa,38.68,Croptilon hookerianum (Torr. & A. Gray) House var. validum (Rydb.) E.B. Sm.,"Hand, Reinger and Rempel"
146,Haller's Bartramia Moss,otros,5.33,Bartramia halleriana Hedw.,Mertz LLC
147,Arizona Milkweed,bonsai,29.23,Asclepias angustifolia Schweigg.,"Yundt, Skiles and Lemke"
148,West Indian Woodnettle,otros,20.63,Laportea aestuans (L.) Chew,McClure-Altenwerth
149,Baldwin's Eryngo,otros,95.34,Eryngium baldwinii Spreng.,"Murray, Sauer and Christiansen"
150,Washoe Combleaf,orquidea,25.29,Polyctenium williamsiae Rollins,Kassulke LLC
151,Violet Honeymyrtle,orquidea,99.14,Melaleuca wilsonii F. Muell.,McKenzie-Haag
152,Bud Sagebrush,orquidea,83.84,Picrothamnus desertorum Nutt.,"Buckridge, VonRueden and Grady"
153,California Adderstongue,orquidea,13.14,Ophioglossum californicum Prantl,"Armstrong, Torp and Weissnat"
154,Mendocino Ceanothus,orquidea,74.11,Ceanothus ×mendocinensis McMinn,"Spencer, Hackett and Ward"
155,Holo Lupine,orquidea,77.88,Lupinus holosericeus Nutt.,"Pollich, Hirthe and Hirthe"
156,Crater Lichen,orquidea,80.01,Diploschistes bisporus (Bagl.) J. Steiner,"Deckow, Schneider and Nader"
157,Silky Thatching Grass,bonsai,94.81,Hyparrhenia dregeana (Nees) Stent,Hahn-McLaughlin
158,Joinvillea,orquidea,99.6,Joinvillea Gaudich. ex Brongn. & Gris,Shanahan LLC
159,Yukon Fringed Gentian,bonsai,69.7,Gentianopsis detonsa (Rottb.) Ma ssp. yukonensis (J.M. Gillett) J.M. Gillett,Barton Group
160,Bryum Moss,orquidea,96.49,Bryum radiculosum Brid.,Bernhard LLC
161,Turtleback,orquidea,24.54,Psathyrotes A. Gray,Murphy and Sons
162,Littorella,otros,36.38,Littorella P.J. Bergius,Sawayn-Nader
163,Phillips' Cliff Fern,bonsai,29.64,Woodsia phillipsii Windham,"Stehr, Kunde and Schuppe"
164,Shasta Chaenactis,rosa,9.88,Chaenactis suffrutescens A. Gray,"Spinka, Stanton and DuBuque"
165,Blue-tulip,rosa,25.66,Moraea polystachya (Thunb.) Ker Gawl.,Doyle Group
166,Purpleflowering Raspberry,bonsai,4.71,Rubus odoratus L. var. columbianus Millsp.,"Feest, Dooley and Swaniawski"
167,Horsehair Lichen,orquidea,90.56,Bryoria friabilis Brodo & D. Hawksw.,Abbott-Wiza
168,Twocrested Milkvetch,orquidea,82.53,Astragalus bicristatus A. Gray,Kassulke and Sons
169,Pink Cudweed,bonsai,23.44,Pseudognaphalium ramosissimum (Nutt.) Anderb.,Reinger and Sons
170,Rockcress,otros,60.85,Arabidopsis Heynh.,Harris LLC
171,Shrubby False Mallow,bonsai,31.94,Malvastrum bicuspidatum (S. Watson) Rose,Senger-Ziemann
172,Kunana Pepperwort,otros,36.19,Lepidium bidentatum Morton var. owaihiense (Cham. & Schltdl.) Fosberg,Kerluke-Grimes
173,Australian Treefern,bonsai,99.46,Dicksonia antarctica Labill.,"Hickle, Spinka and Wehner"
174,Jepson's Linanthus,otros,98.85,Leptosiphon jepsonii (D.W. Schemske & C. Goodwillie) J.M. Porter & L.A. Johnson,"Willms, Willms and Funk"
175,Big Devils Beggartick,rosa,30.92,Bidens vulgata Greene,"Spencer, Murphy and Cummings"
176,North Idaho Monkeyflower,orquidea,69.41,Mimulus clivicola Greenm.,Dach-Daugherty
177,Texas Snakeweed,orquidea,67.52,Gutierrezia texana (DC.) Torr. & A. Gray var. texana,"Hirthe, Wunsch and Rutherford"
178,Myurella Moss,otros,80.44,Myurella Schimp.,Nicolas-Dickens
179,Mcnulty Mine Monkeyflower,bonsai,40.03,Mimulus cupriphilus M. Macnair,Cruickshank Group
180,Isothecium Moss,otros,14.88,Isothecium myosuroides Brid.,Reichel-Osinski
181,Nodding Blue-eyed Grass,orquidea,50.16,Sisyrinchium cernuum (E.P. Bicknell) Kearney,Price Inc
182,Hybrid Violet,rosa,3.12,Viola ×ryoniae House,Emard and Sons
183,Muir's Raillardiopsis,otros,14.41,Carlquistia muirii (A. Gray) B.G. Baldw.,Torp LLC
184,Sphagnum,orquidea,25.0,Sphagnum flexuosum Dozy & Molk. var. flexuosum,"Romaguera, Kutch and Prosacco"
185,Cheiroglossa Fern,rosa,54.65,Cheiroglossa C. Presl,"Swift, Torphy and Olson"
186,Debris Milkvetch,rosa,81.36,Astragalus detritalis M.E. Jones,Wilkinson and Sons
187,Squarestem Butterflybush,rosa,87.63,Buddleja saligna Willd.,Stoltenberg Group
188,Wild Bergamot,orquidea,14.08,Monarda fistulosa L. ssp. fistulosa var. rubra A. Gray,"Beatty, Larkin and Pfeffer"
189,Ferris' Goldfields,orquidea,90.17,Lasthenia ferrisiae Ornduff,Wuckert-Cremin
190,Spanish Heath,rosa,84.26,Erica lusitanica K. Rudolphi,Hahn-Becker
191,Plumed Crinklemat,orquidea,1.32,Tiquilia greggii (Torr. & A. Gray) A.T. Richardson,Feest-Gleichner
192,Amphidium Moss,rosa,57.11,Amphidium Schimp.,"Schuster, Grant and Torphy"
193,Red Larkspur,rosa,79.53,Delphinium nudicaule Torr. & A. Gray,"Barrows, Mayert and Gibson"
194,Jointvetch,orquidea,28.99,Aeschynomene L.,"Dickens, Ebert and Volkman"
195,Lepianthes,bonsai,76.76,Lepianthes Raf.,"Herman, Predovic and O'Keefe"
196,Zacale,orquidea,92.0,Bouteloua diversispicula J.T. Columbus,Ruecker-Lang
197,Tolmin's Orange Lichen,bonsai,61.56,Caloplaca tominii Savicz,Prohaska-Kunde
198,Rocky Mountain Bulrush,orquidea,79.98,Schoenoplectiella saximontana (Fernald) Lye,"Cruickshank, Deckow and Shanahan"
199,Desertdandelion,bonsai,87.56,Malacothrix DC.,Prosacco-Schuster
200,Poison Angelica,orquidea,22.13,Angelica lineariloba A. Gray,"Rau, Durgan and Harber"
201,Garden Ginger,orquidea,5.64,Zingiber officinale Roscoe,Muller-West
202,Molokai Islandmint,rosa,35.25,Haplostachys bryanii Sherff,Lubowitz Group
203,Asian Mustard,rosa,67.2,Brassica tournefortii Gouan,O'Connell-Koepp
204,Leiberg's Fleabane,otros,1.06,Erigeron leibergii Piper,"Hoppe, Fahey and Dare"
205,Ceanothus,bonsai,92.35,Ceanothus ×lorenzenii (Jeps.) McMinn,"Friesen, Ferry and Wehner"
206,Pore Lichen,rosa,33.39,Pertusaria bryontha (Ach.) Nyl.,Schamberger LLC
207,Hollyleaf Gilia,orquidea,71.31,Gilia latiflora (A. Gray) A. Gray ssp. latiflora,"White, Herman and Pfeffer"
208,Orthotrichum Moss,orquidea,65.45,Orthotrichum gymnostomum Bruch ex Brid.,"Sanford, Witting and Leannon"
209,Chard,rosa,79.03,Beta vulgaris L. ssp. cicla (L.) W.D.J. Koch,"Hilpert, Fahey and Carroll"
210,Gaslight Bladderpod,rosa,57.28,Lesquerella recurvata (Engelm. ex A. Gray) S. Watson,Morissette Group
211,Wild Quinine,orquidea,70.35,Parthenium integrifolium L. var. mabryanum Mears,Zulauf-Treutel
212,Tropical Crabgrass,orquidea,41.58,Digitaria argillacea (Hitchc. & Chase) Fernald,Boehm-Thompson
213,Alpine Sulphur-flower Buckwheat,otros,28.86,Eriogonum umbellatum Torr. var. minus I.M. Johnst.,"Lesch, Larson and Schoen"
214,Hooded Coralroot,orquidea,75.7,Corallorhiza striata Lindl. var. striata,"Becker, Reichel and Hahn"
215,Washington Fan Palm,otros,87.77,Washingtonia robusta H. Wendl.,Kunze Inc
216,Parasol Clover,rosa,83.33,Trifolium bolanderi A. Gray,Doyle LLC
217,Greasebush,otros,14.47,Glossopetalon A. Gray,Treutel-Steuber
218,Houghton's Goldenrod,bonsai,98.19,Oligoneuron houghtonii (Torr. & A. Gray ex A. Gray) G.L. Nesom,O'Kon-Gerlach
219,Cycnium,orquidea,6.84,Cycnium E. Mey. ex Benth.,Von Inc
220,Wright's Pricklyleaf,orquidea,12.59,Thymophylla tenuiloba (DC.) Small var. wrightii (A. Gray) Strother,McDermott LLC
221,Oryctes,rosa,78.34,Oryctes S. Watson,Schowalter-Wunsch
222,Cypressvine,otros,56.12,Ipomoea quamoclit L.,Kassulke Inc
223,Sierra Rush,otros,25.81,Juncus nevadensis S. Watson var. nevadensis,McCullough and Sons
224,American Funaria Moss,rosa,2.95,Funaria americana Lindb.,Krajcik-Lueilwitz
225,Arthothelium Lichen,orquidea,59.37,Arthothelium violascens (Nyl.) Zahlbr.,Doyle-Schinner
226,Leather Flower,orquidea,27.86,Clematis L.,Bogisich LLC
227,Wildrye,rosa,91.84,Leymus ×vancouverensis (Vasey) Pilg. (pro sp.),"Hoppe, Goodwin and Lynch"
228,Dehesa Beargrass,rosa,52.05,Nolina interrata Gentry,"Wisoky, Bergstrom and Paucek"
229,Eastern Poison Ivy,rosa,37.44,Toxicodendron radicans (L.) Kuntze ssp. divaricatum (Greene) Gillis,Nitzsche and Sons
230,Eggert's Sunflower,orquidea,93.69,Helianthus eggertii Small,"Hyatt, Gerlach and Rohan"
231,Candelabra Tree,bonsai,99.9,Euphorbia cooperi N.E. Br. ex A. Berger,"Christiansen, Wiegand and Koepp"
232,Gaita,rosa,15.03,Trichilia pallida Sw.,"Huel, Wiza and Ziemann"
233,Marsh Labrador Tea,otros,2.62,Ledum palustre L.,Kulas Group
234,Funeral Mountain Blue-eyed Grass,bonsai,15.47,Sisyrinchium funereum E.P. Bicknell,"Yundt, Nicolas and Muller"
235,Alexandrian Laurel,orquidea,7.25,Calophyllum inophyllum L.,Wehner-Paucek
236,Sea Hibiscus,orquidea,97.17,Hibiscus tiliaceus L.,Botsford-Haley
237,Tuckerman's Earth Lichen,otros,85.24,Catapyrenium tuckermanii (Rav. ex Mont.) J.W. Thomson,Rippin-Dibbert
238,Montezuma Bald Cypress,rosa,73.2,Taxodium mucronatum Ten.,Ferry Inc
239,Jimbrush,rosa,76.44,Ceanothus sorediatus Hook. & Arn.,Cremin LLC
240,Desert Larkspur,bonsai,57.33,Delphinium parishii A. Gray,Walsh-Schumm
241,Fig,bonsai,4.85,Ficus thonningii Blume,Becker-Jast
242,Superb Porpidia Lichen,bonsai,28.88,Porpidia superba (Körb.) Hertel & Knoph,"Pfannerstill, Sporer and Tremblay"
243,Pichi Pichi,otros,59.55,Fabiana imbricata Ruiz & Pav.,Kulas-Trantow
244,Gulf Coast Yucca,orquidea,24.89,Yucca louisianensis Trel.,Deckow Inc
245,Hollyleaf Buckthorn,rosa,56.68,Rhamnus crocea Nutt. ssp. pilosa (Trel.) C.B. Wolf,"Bahringer, Block and Cronin"
246,Herzogiella Moss,orquidea,60.44,Herzogiella Broth.,Torp LLC
247,Wort Lichen,bonsai,14.86,Verrucaria sordida Servit,Herzog LLC
248,Blunt Broom Sedge,otros,56.79,Carex tribuloides Wahlenb.,Hackett Inc
249,Common Yarrow,bonsai,6.31,Achillea millefolium L.,Wisoky Inc
250,Phaeographis,bonsai,22.71,Phaeographis exaltata (Mont. & v.d. Bosch) Müll. Arg.,Keebler-Howe
251,Ashen Milkvetch,bonsai,46.42,Astragalus tephrodes A. Gray var. tephrodes,Stoltenberg-Mohr
252,Mexican Pleuridium Moss,rosa,73.77,Pleuridium mexicanum Cardot,"Klocko, Rempel and Vandervort"
253,Treetrunk Fern,otros,86.45,Anetium citrifolium (L.) Splitg.,Paucek LLC
254,Brewer's Navarretia,otros,18.67,Navarretia breweri (A. Gray) Greene,Olson Inc
255,Gymnosperma,otros,49.66,Gymnosperma Less.,Olson-D'Amore
256,Cavern Beard Lichen,otros,97.99,Usnea cavernosa Tuck.,Labadie and Sons
257,Sunfacing Coneflower,bonsai,46.47,Rudbeckia heliopsidis Torr. & A. Gray,Kerluke and Sons
258,Alpine Woodsorrel,bonsai,46.05,Oxalis alpina (Rose) Rose ex R. Knuth,Ritchie Inc
259,Piper's Anemone,bonsai,75.31,Anemone piperi Britton ex Rydb.,Hayes-Lueilwitz
260,Modoc Hawksbeard,orquidea,27.44,Crepis modocensis Greene,Nitzsche Group
261,Johnson's Indigobush,orquidea,43.82,Psorothamnus arborescens (Torr. ex A. Gray) Barneby var. minutifolius (Parish) Barneby,Heidenreich Inc
262,Glorybower,rosa,36.5,Clerodendrum ×speciosum Dombrain,"Wisoky, Kuhn and Hudson"
263,Vente Conmigo,rosa,65.57,Croton glandulosus L. var. glandulosus,Franecki-Ferry
264,West Indian Chinchweed,orquidea,41.32,Pectis linearis Llave,"Padberg, Harber and Ruecker"
265,Julella Lichen,bonsai,56.1,Julella vitrispora (Cooke & Harkness) M.E. Barr,"Grady, Kuhlman and Herman"
266,Fanleaf,rosa,63.6,Fioria Mattei,VonRueden-Rolfson
267,Palustriella Moss,bonsai,77.7,Palustriella commutata (Brid.) Ochyra,"Runolfsson, Schaefer and Weissnat"
268,Jurupa Hills Suncup,orquidea,12.02,Camissonia ignota (Jeps.) P.H. Raven,Carroll-Koelpin
269,Downy Carrionflower,rosa,41.35,Smilax pulverulenta Michx.,Leuschke-Lang
270,Fineflower Gilia,bonsai,61.31,Gilia leptantha Parish ssp. leptantha,"Smith, Ryan and Brown"
271,Yellow Triteleia,otros,41.32,Triteleia crocea (Alph. Wood) Greene var. crocea,"Pfannerstill, Wolff and Upton"
272,Hottonia,rosa,76.13,Hottonia L.,Krajcik LLC
273,Park Milkvetch,orquidea,69.55,Astragalus leptaleus A. Gray,O'Reilly Group
274,Recurved Leaf Paraleptodontium Moss,bonsai,45.16,Paraleptodontium recurvifolium (Taylor) Long,Kertzmann-Blanda
275,Chapman's Skeletongrass,otros,82.77,Gymnopogon chapmanianus Hitchc.,Romaguera Inc
276,Chalk Dudleya,orquidea,82.76,Dudleya pulverulenta (Nutt.) Britton & Rose ssp. arizonica (Rose) Moran,"Medhurst, Emmerich and Glover"
277,Quillwort,bonsai,69.21,Isoetes L.,Grady-Paucek
278,Eightpetal Mountain-avens,otros,24.14,Dryas octopetala L. ssp. punctata (Juz.) Hultén,"Leffler, Ratke and Hodkiewicz"
279,Idaho Bladderpod,rosa,64.1,Lesquerella carinata Rollins,"Sawayn, O'Connell and Schumm"
280,Marubio Oscuro,bonsai,41.35,Hyptis atrorubens Poit.,Heaney-Mayert
281,Sacky Sac Bean,orquidea,16.86,Inga laurina (Sw.) Willd.,Spinka and Sons
282,Narcissus Anemone,orquidea,9.05,Anemone narcissiflora L.,Dicki and Sons
283,Golden Saxifrage,orquidea,48.74,Chrysosplenium L.,"Cronin, Heidenreich and Christiansen"
284,Hooker's Bristle Fern,otros,14.27,Trichomanes hookeri C. Presl,"Becker, Prosacco and Schroeder"
285,Kuma Bamboo Grass,orquidea,18.96,Sasa veitchii (Carrière) Rehder,Kerluke-Stracke
286,Turpentine Bush,otros,60.46,Ericameria laricifolia (A. Gray) Shinners,Mayer-Connelly
287,Rydberg's Thistle,bonsai,27.3,Cirsium rydbergii Petr.,"O'Kon, Ankunding and Fay"
288,Manna Gum,otros,62.36,Eucalyptus viminalis Labill.,Lesch and Sons
289,Brown-woolly Fig,otros,83.4,Ficus drupacea Thunb.,"Robel, O'Conner and Runolfsson"
290,Arizona Calcareous Moss,bonsai,74.37,Mnium arizonicum Amann,"Braun, Strosin and Walter"
291,Hirsute Sedge,rosa,35.67,Carex complanata Torr. & Hook.,Brekke-Ernser
292,Limestone Blue-eyed Grass,bonsai,5.05,Sisyrinchium calciphilum Sorrie,Wilderman-Kemmer
293,Artist's Popcornflower,orquidea,2.63,Plagiobothrys chorisianus (Cham.) I.M. Johnst. var. chorisianus,Langosh-Runolfsson
294,Lakeside Sunflower,orquidea,29.8,Helianthus carnosus Small,Hegmann-Smith
295,Small Butterwort,bonsai,35.12,Pinguicula pumila Michx.,Collier-Stanton
296,Snowrose,otros,3.09,Serissa foetida (L. f.) Lam.,Hintz-Schroeder
297,Sand Buckwheat,rosa,16.32,Eriogonum leptocladon Torr. & A. Gray var. leptocladon,Erdman-Rosenbaum
298,Turniproot,rosa,54.1,Pediomelum cyphocalyx (A. Gray) Rydb.,Kiehn LLC
299,Hubricht's Bluestar,orquidea,60.35,Amsonia hubrichtii Woodson,Shields Inc
300,Barbed Rattlesnakeroot,otros,9.4,Prenanthes barbata (Torr. & A. Gray) Milstead,Stark Inc
301,Hartweg's Spineflower,otros,65.2,Chorizanthe pungens Benth. var. hartwegiana Reveal & Hardham,"Lowe, Bashirian and Muller"
302,Lined Sedge,orquidea,91.49,Carex striatula Michx.,"Dicki, Blick and Altenwerth"
303,Thymeleaf Sandmat,bonsai,80.63,Chamaesyce serpyllifolia (Pers.) Small,"Crona, Bechtelar and Schiller"
304,Annual Sandwort,otros,40.63,Minuartia pusilla (S. Watson) Mattf. var. diffusa (Maguire) McNeill,Harris Group
305,Island False Bindweed,rosa,90.89,Calystegia macrostegia (Greene) Brummitt ssp. cyclostegia (House) Brummitt,"Nolan, Goyette and Gutmann"
306,Chinese White Olive,rosa,74.83,Canarium album (Lour.) Rausch.,"Corwin, Von and Mertz"
307,Proctor's Staggerbush,rosa,44.47,Lyonia truncata Urb. var. proctorii W.S. Judd,Johnston-Steuber
308,Succulent Spiderwort,rosa,39.72,Tradescantia crassula Link & Otto,McLaughlin-Brekke
309,Heartleaf Cliffbrake,orquidea,76.34,Pellaea cordifolia (Sessé & Moc.) A.R. Sm.,Tromp-Shields
310,Lesser Saltscale,rosa,15.79,Atriplex minuscula Standl.,"Bayer, Balistreri and Kling"
311,Northern Bog Bedstraw,otros,99.92,Galium labradoricum (Wiegand) Wiegand,Gulgowski-Johnston
312,White Mangrove,orquidea,43.01,Laguncularia racemosa (L.) C.F. Gaertn.,"Little, Schulist and Lueilwitz"
313,New Mexico Goosefoot,otros,57.49,Chenopodium neomexicanum Standl. var. neomexicanum,Kohler-Larkin
314,Grassland Nehe,bonsai,13.44,Lipochaeta subcordata A. Gray,Medhurst LLC
315,Nodeweed,orquidea,2.28,Synedrella nodiflora (L.) Gaertn.,Cruickshank-O'Conner
316,Water Hickory,otros,79.43,Carya aquatica (Michx. f.) Nutt.,Walker-Price
317,Halfchaff Sedge,rosa,10.91,Lipocarpha R. Br.,Gulgowski-Hessel
318,Striped Abobe Lily,otros,87.71,Fritillaria striata Eastw.,Little LLC
319,Bahama Nightshade,bonsai,96.35,Solanum bahamense L. var. luxurians D'Arcy,"Grant, Sanford and Pollich"
320,Craven Oak,bonsai,57.63,Quercus ×cravenensis Little,"Block, Kuhic and Kuhic"
321,Scarlet Gilia,rosa,87.66,Ipomopsis aggregata (Pursh) V.E. Grant ssp. weberi V.E. Grant & Wilken,Schultz LLC
322,Pinkshell Azalea,orquidea,83.75,Rhododendron vaseyi A. Gray,Hansen Inc
323,Phaulothamnus,bonsai,64.33,Phaulothamnus A. Gray,"Altenwerth, Ullrich and Connelly"
324,Compassplant,rosa,85.22,Silphium laciniatum L. var. laciniatum,"Hand, Senger and Dicki"
325,Umbrella-tree,bonsai,17.21,Magnolia tripetala (L.) L.,Wisoky and Sons
326,Whitest Evening Primrose,otros,69.78,Oenothera albicaulis Pursh,Crist-Brekke
327,Strapleaf Willow,orquidea,30.7,Salix ligulifolia (C.R. Ball) C.R. Ball ex C.K. Schneid.,Jacobi and Sons
328,Rim Lichen,orquidea,92.68,Lecanora stenospora Stizenb.,"Sporer, Bailey and Hills"
329,Crested Gentian,bonsai,52.41,Gentiana septemfida Pall.,"Kuhlman, Reilly and Kub"
330,Pygmy Mountainparsley,otros,48.27,Oreonana clementis (M.E. Jones) Jeps.,"Lakin, Pagac and Rath"
331,California Buckthorn,orquidea,37.34,Frangula californica (Eschsch.) A. Gray ssp. californica,Kunde-Leffler
332,Wright's Stonecrop,orquidea,12.33,Sedum wrightii A. Gray ssp. priscum R.T. Clausen,"Rolfson, Sawayn and Medhurst"
333,Oldwoman,otros,92.13,Artemisia stelleriana Besser,"Blanda, Kautzer and Hand"
334,Silver Linden,otros,93.3,Tilia tomentosa Moench,Jacobs-Frami
335,Calamus,otros,77.67,Calamus deerratus G. Mann & H.A. Wendl,Ruecker-Orn
336,Marlierea,rosa,27.09,Marlierea Camb.,"Kihn, Stoltenberg and Stoltenberg"
337,Rimmed Lichen,rosa,75.99,Aspicilia fimbriata (H. Magn.) Clauzade & Rondon,Lehner Group
338,Calammophila,otros,14.35,×Calammophila Brand,West-Pagac
339,Littleleaf Milkwort,bonsai,73.98,Polygala brevifolia Nutt.,Beahan Inc
340,Kealia Gulch Bur Cucumber,otros,84.57,Sicyos erostratus H. St. John,Durgan-Koss
341,Northern Groundsel,rosa,39.52,Packera hyperborealis (Greenm.) Á. Löve & D. Löve,Leannon-Bernhard
342,Lanceleaf Moonpod,orquidea,65.77,Selinocarpus lanceolatus Wooton,Rogahn LLC
343,Venus Penstemon,bonsai,89.71,Penstemon venustus Douglas ex Lindl.,Cruickshank Inc
344,Broadpod Nicker,otros,67.69,Pomaria brachycarpa (A. Gray) B. Simpson,"Schowalter, Weber and Bergnaum"
345,Arctoa Moss,orquidea,13.99,Arctoa Bruch & Schimp.,"Harvey, Balistreri and Kovacek"
346,Lung Lichen,bonsai,17.28,Lobaria pulmonaria (L.) Hoffm.,Bayer-Tillman
347,Dwarf Checkerbloom,bonsai,42.92,Sidalcea malviflora (DC.) A. Gray ex Benth. ssp. virgata (Howell) C.L. Hitchc.,"Bartell, Hauck and Nitzsche"
348,San Bernardino Ragwort,bonsai,44.08,Packera bernardina (Greene) W.A. Weber & Á. Löve,Waters Inc
349,Davidson's Bushmallow,bonsai,42.42,Malacothamnus davidsonii (B.L. Rob.) Greene,Bosco and Sons
350,Wart Lichen,rosa,96.81,Porina Müll. Arg.,O'Kon LLC
351,Fayodia Lichen,orquidea,80.84,Fayodia striatula (Kuhner) Singer,Reilly-Dibbert
352,Virginia Springbeauty,rosa,2.29,Claytonia virginica L. var. acutiflora DC.,Prohaska LLC
353,Eggleaf Milkwort,rosa,89.18,Polygala ovatifolia A. Gray,Windler Inc
354,Pipewort,orquidea,36.93,Eriocaulon L.,Stanton-Feest
355,Florida Keys Ladies'-tresses,rosa,61.28,Mesadenus lucayanus (Britton) Schltr.,Jaskolski-Dach
356,Maiden Fern,otros,78.11,Thelypteris ×palmeri W.H. Wagner,Labadie Inc
357,White Bluffs Bladderpod,otros,32.95,"Lesquerella tuplashensis Rollins, K. Beck & F.E. Kaplow",Wehner and Sons
358,Rincon Rubberweed,rosa,17.77,Hymenoxys quinquesquamata Rydb.,Dickens Inc
359,Indian Marshweed,otros,36.66,Limnophila indica (L.) Druce,Boehm LLC
360,Caracas Rattlebox,rosa,60.37,Crotalaria micans Link,Brakus LLC
361,Mexican Rush,bonsai,10.05,Juncus mexicanus Willd. ex Schult. & Schult. f.,"Kreiger, Macejkovic and Wunsch"
362,Nodding Barren Strawberry,otros,87.0,Waldsteinia pendula (Urb.) Mez,Cartwright-Jones
363,Desert Palafox,rosa,19.55,Palafoxia arida B.L. Turner & Morris,Hand LLC
364,Carolina Rose,otros,41.73,Rosa carolina L. var. carolina,Carroll-Lindgren
365,Sweetbush,bonsai,96.68,Bebbia (Benth.) Greene,Mraz Group
366,St. Johnswort,bonsai,92.92,Hypericum L.,Greenfelder-Mann
367,Fringed False Hellebore,otros,66.63,Veratrum fimbriatum A. Gray,"Spencer, DuBuque and Jaskolski"
368,Compact Prairie Clover,bonsai,13.78,Dalea compacta Spreng. var. compacta,Hettinger LLC
369,Littleleaf Alumroot,bonsai,70.5,"Heuchera parvifolia Nutt. ex Torr. & A. Gray var. flavescens (Rydb.) Rosend., Butters & Lakela",Lockman Group
370,Paradise Tansymustard,otros,8.59,Descurainia paradisa (A. Nelson & Kennedy) O.E. Schulz,"Daniel, Johnson and Ryan"
371,Peking Cotoneaster,otros,44.1,Cotoneaster acutifolius Turcz.,Waelchi-Mohr
372,Polkadot-plant,otros,51.7,Hypoestes phyllostachya Baker,"Hayes, Lang and Mante"
373,Rothrock's Knapweed,orquidea,55.08,Centaurea rothrockii Greenm.,Tromp-Heller
374,Treasureflower,bonsai,75.07,Gazania linearis (Thunb.) Druce,Schimmel-Schinner
375,Pearthorn,orquidea,25.51,Crataegus perjucunda Sarg.,Orn Group
376,Chokeberry,bonsai,19.15,Photinia Lindl.,"Koch, Franecki and Hansen"
377,Parkia,rosa,96.33,Parkia speciosa Hassk.,"Gerlach, Blick and Green"
378,Southern Butterwort,orquidea,76.89,Pinguicula primuliflora Alph. Wood & Godfrey,"Weimann, Kihn and Greenholt"
379,Texas Quillwort,otros,57.68,"Isoetes texana Singhurst, Rushing & W.C. Holmes",Robel and Sons
380,Golden Mariposa Lily,bonsai,22.77,Calochortus aureus S. Watson,"Murphy, Haley and Herzog"
381,Pale Agoseris,bonsai,77.43,Agoseris glauca (Pursh) Raf. var. glauca,Weissnat LLC
382,Fremont's Bladderpod,orquidea,12.4,Lesquerella fremontii Rollins & Shaw,"Kreiger, Skiles and Sporer"
383,Questionable Rush,orquidea,32.91,Juncus dubius Engelm.,Greenfelder and Sons
384,Pointed Rush,bonsai,32.61,Juncus oxymeris Engelm.,"West, Hodkiewicz and Waelchi"
385,Purpus' Sullivantia,bonsai,28.67,Sullivantia hapemanii (J.M. Coult. & Fisher) J.M. Coult. var. purpusii (Brand) Soltis,Treutel-Hauck
386,Soaptree Yucca,rosa,35.7,Yucca elata (Engelm.) Engelm.,Roob LLC
387,Mosquito Script Lichen,orquidea,73.31,Graphis mosquitensis Tuck.,"Wilkinson, Dach and Leannon"
388,Trimmatothele Lichen,rosa,77.07,Trimmatothele Norman ex Zahlbr.,"Gislason, Heaney and Mayer"
389,Rock Fumewort,rosa,64.01,Pseudofumaria lutea (L.) Borkh.,Quigley-Mann
390,Coastline Bluegrass,orquidea,48.56,Poa confinis Vasey,O'Conner LLC
391,False Indigo,orquidea,85.44,Amorpha L.,Jenkins and Sons
392,Laredo Flax,rosa,89.97,Linum elongatum (Small) Winkl.,Schinner-Bernhard
393,Olokele Gulch Bluegrass,orquidea,1.75,Poa mannii Munro ex Hillebr.,"Doyle, Roob and Champlin"
394,Yerba Santa,otros,24.9,Eriodictyon Benth.,Gottlieb-Zieme
395,Stemmermann's' Clubmoss,rosa,38.0,Huperzia stemmermanniae (A.C. Medeiros & W.H. Wagner) Kartesz,Sawayn LLC
396,Petioled Fountaingrass,orquidea,72.84,Pennisetum petiolare (Hochst.) Chiov.,Torphy-Casper
397,Harlequinbush,rosa,15.89,Gaura hexandra Ortega,Quitzon Inc
398,Chinese Soapberry,rosa,34.66,Sapindus mukorossi Gaertn.,Lehner Group
399,Stiffleaf False Goldenaster,bonsai,1.39,Heterotheca stenophylla (A. Gray) Shinners var. angustifolia (Rydb.) Semple,"Cummerata, Jenkins and Cummings"
400,Fescue,orquidea,36.5,Schedonorus P. Beauv.,Rogahn Group
401,Parish's Larkspur,bonsai,91.78,Delphinium parishii A. Gray ssp. parishii,Goodwin and Sons
402,Royal Peperomia,otros,96.41,Peperomia kipahuluensis H. St. John & C. Lamoureux,"Grimes, Koss and Bode"
403,Uhaloa,otros,91.61,Waltheria indica L.,McClure Inc
404,Rydberg's Wildrye,bonsai,22.19,Elymus vulpinus Rydb.,"Feest, Kihn and Langworth"
405,Bausch's Dot Lichen,orquidea,30.17,Micarea bauschiana (Körb.) V. Wirth & Vezda,Buckridge-Beahan
406,Serpentine Bird's Beak,bonsai,2.31,Cordylanthus tenuis A. Gray ssp. brunneus (Jeps.) Munz,"Nikolaus, Kunde and Ebert"
407,Yerba Linda,orquidea,49.04,Peperomia rotundifolia (L.) Kunth,Smith LLC
408,Connecticut Hawthorn,rosa,64.41,Crataegus pequotorum Sarg.,Daugherty-Willms
409,Nightflowering Wild Petunia,bonsai,74.3,Ruellia noctiflora (Nees) A. Gray,"Kunze, Zieme and Schinner"
410,Mono Phacelia,rosa,9.85,Phacelia monoensis Halse,Koss-VonRueden
411,Dwarf Spikerush,bonsai,46.68,"Eleocharis parvula (Roem. & Schult.) Link ex Bluff, Nees & Schauer",Corkery Group
412,Dutch Crocus,otros,87.57,Crocus vernus (L.) Hill,"Bashirian, Zulauf and Herzog"
413,Creeping Mirrorplant,bonsai,96.52,Coprosma repens A. Rich.,Hegmann-Friesen
414,Ceanothus,bonsai,57.39,Ceanothus ×rugosus Greene (pro sp.),Champlin-Witting
415,Toothed Spleenwort,otros,9.1,Asplenium trichomanes-dentatum L.,Anderson Inc
416,Fiddleneck,otros,58.93,Amsinckia Lehm.,Prosacco LLC
417,Broombush False Willow,otros,24.46,Baccharis dioica Vahl,Nicolas and Sons
418,Pencilflower,orquidea,82.97,Stylosanthes Sw.,Dare Inc
419,Palapalai,rosa,66.78,Microlepia ×adulteriana W.H. Wagner,"Price, Simonis and Hayes"
420,Filiform Hypnum Moss,rosa,1.39,Hypnum cupressiforme Hedw. var. filiforme Brid.,"Welch, Dickens and Hoppe"
421,Muhly,otros,56.17,Muhlenbergia Schreb.,"Mosciski, Rath and Macejkovic"
422,Ripgut Brome,orquidea,16.53,Bromus diandrus Roth ssp. rigidus (Roth) Lainz,"Hane, Runolfsdottir and Hoppe"
423,Garden Lovage,otros,30.01,Levisticum officinale W.D.J. Koch,"Weimann, Hermiston and Ernser"
424,Scorpion's-tail,otros,21.55,Scorpiurus L.,Schmitt-Kiehn
425,Leucodon Moss,rosa,38.62,Leucodon brachypus Brid.,O'Keefe Group
426,Coastal Plain Angelica,bonsai,23.21,Angelica dentata (Chapm.) J.M. Coult. & Rose,Reynolds and Sons
427,Finger Cup Lichen,otros,56.13,Cladonia digitata (L.) Hoffm.,"Walter, Hessel and Emmerich"
428,Hairy Corkwood,orquidea,88.36,Leitneria pilosa J.A. Schrad. & W.R. Graves,"Gottlieb, Swift and Beahan"
429,Neverdie,bonsai,56.57,Kalanchoe integra (Medik.) Kuntze,Sporer Group
430,Common Fiddleneck,rosa,39.65,Amsinckia menziesii (Lehm.) A. Nelson & J.F. Macbr. var. intermedia (Fisch. & C.A. Mey.) Ganders,Homenick and Sons
431,Silverweed,orquidea,15.59,Argentina Hill,Torphy-McKenzie
432,Warminster Broom,rosa,47.4,Cytisus ×praecox Bean,"O'Reilly, Conroy and Leannon"
433,Timber Milkvetch,bonsai,23.68,Astragalus miser Douglas ex Hook. var. miser,Pollich Inc
434,Pyrenocollema Lichen,orquidea,11.54,Pyrenocollema halodytes (Nyl.) R.C. Harris,Hirthe Group
435,Labrador Lousewort,orquidea,42.17,Pedicularis labradorica Wirsing var. labradorica,Sanford-Heaney
436,Sweet Michelia,orquidea,52.56,Michelia doltsopa Buch.-Ham. ex DC.,Lesch Inc
437,Tweedy's Fleabane,rosa,79.59,Erigeron tweedyi Canby,Abbott-McClure
438,Edrudia Lichen,bonsai,75.21,Edrudia constipans (Nyl.) W.P. Jordan,"Koepp, Bruen and Farrell"
439,Showy Indian Clover,bonsai,39.85,Trifolium amoenum Greene,"Upton, Reinger and Hackett"
440,Vinagre,orquidea,52.38,Peperomia serpens (Sw.) Loudon,Ruecker LLC
441,Kauai Spurge,orquidea,13.17,Euphorbia haeleeleana D.R. Herbst,"Erdman, Batz and Frami"
442,Script Lichen,rosa,31.93,Graphis desquamescens (Fée) Zahlbr.,"Kiehn, Blick and Borer"
443,Spider Plant,rosa,9.64,Chlorophytum comosum (Thunb.) Jacq.,Kreiger-Gerlach
444,Alpine False Goldenaster,orquidea,19.95,Heterotheca pumila (Greene) Semple,"Smitham, Pollich and Dickens"
445,Goldenweed,bonsai,34.29,Pyrrocoma Hook.,Altenwerth LLC
446,Sticky Cinquefoil,rosa,50.25,Potentilla glandulosa Lindl. ssp. globosa D.D. Keck,"Rosenbaum, Ryan and Gottlieb"
447,Figwort,rosa,33.73,Scrophularia L.,Beahan Group
448,Canadian Sandspurry,orquidea,54.59,Spergularia canadensis (Pers.) G. Don,Harber and Sons
449,Western Quillwort,bonsai,58.11,Isoetes occidentalis L.F. Hend.,D'Amore-Eichmann
450,Rhipsalis,otros,58.39,Rhipsalis Gaertn.,Adams Inc
451,Sixweeks Fescue,rosa,32.5,Vulpia octoflora (Walter) Rydb.,"Schmidt, Runte and Stiedemann"
452,East Greenland Saxifrage,rosa,61.68,Saxifraga nathorstii (Dusén) Hayek,"Farrell, Spinka and Schaefer"
453,Canadian Pussytoes,bonsai,87.26,Antennaria howellii Greene ssp. canadensis (Greene) Bayer,Steuber-Wisozk
454,Bolander's Onion,otros,48.14,Allium bolanderi S. Watson var. stenanthum (E. Drew) Jeps.,O'Conner-McDermott
455,Weather Prophet,bonsai,21.27,Dimorphotheca pluvialis (L.) Moench,"Harvey, Nitzsche and Cremin"
456,Monarch Bushmallow,rosa,30.57,Malacothamnus foliosus (S. Watson) Kearney,"Herman, Ledner and Kilback"
457,Sticky Blue Eyed Mary,bonsai,33.13,Collinsia rattanii A. Gray,"Roberts, Schroeder and Ankunding"
458,Graceful Johnnyberry,orquidea,78.62,Miconia tetrastoma Naud.,Flatley-Jenkins
459,Burrobush,bonsai,64.54,Ambrosia dumosa (A. Gray) Payne,"Armstrong, Gaylord and Batz"
460,Spikerush,bonsai,35.46,Eleocharis R. Br.,"Kling, Bode and Feil"
461,Redstem Springbeauty,otros,8.26,Claytonia rubra (Howell) Tidestr. ssp. depressa (A. Gray) John M. Mill. & K.L. Chambers,"Bauch, Mann and Nicolas"
462,Hulten's Saxifrage,otros,51.46,Saxifraga lyallii Engl. ssp. hultenii (Calder & Savile) Calder & Roy L. Taylor,Predovic-Rodriguez
463,Wright's Skullcap,bonsai,37.24,Scutellaria wrightii A. Gray,"Kris, Casper and Zboncak"
464,Parry's Rabbitbrush,orquidea,82.07,Ericameria parryi (A. Gray) G.L. Nesom & Baird var. monocephala (A. Nelson & Kennedy) G.L. Nesom & Baird,McClure LLC
465,Arrow Bamboo,orquidea,53.91,Pseudosasa Makino ex Nakai,Marks-Willms
466,Antilles Hollyfern,bonsai,10.28,Polystichum polystichiforme (Fée) Maxon,Marquardt Inc
467,Homaliadelphus Moss,otros,84.8,Homaliadelphus Dix. & P. Varde,"Cormier, Bogan and Buckridge"
468,Royal Sandmat,bonsai,97.88,Chamaesyce dioica (Kunth) Millsp.,Torp and Sons
469,Imshaug's Disc Lichen,otros,37.15,Buellia imshaugii Hafellner,"Gleason, Streich and Sawayn"
470,Herniaria-leaf Spurge,otros,65.32,Euphorbia herniarifolia Willd.,"Paucek, Hand and Ondricka"
471,Mohihi,otros,95.93,Stenogyne scrophularioides Benth.,"O'Kon, Schultz and MacGyver"
472,Antlerfern,orquidea,95.86,Ceratopteris Brongn.,Cummerata LLC
473,Yellowwood,orquidea,15.74,Cladrastis Raf.,Hirthe-Raynor
474,Roughleaf Dogwood,orquidea,80.71,Cornus drummondii C.A. Mey.,Ankunding-Waters
475,Woolly Senna,rosa,23.92,Senna hirsuta (L.) Irwin & Barneby var. glaberrima (M.E. Jones) Irwin & Barneby,"Brekke, Koss and Hills"
476,Halodule,bonsai,81.06,Halodule Endl.,"Carter, Witting and Bailey"
477,Fissidens Moss,orquidea,6.63,Fissidens aphelotaxifolius Purs.,Herzog and Sons
478,Orchid Ipomopsis,bonsai,61.14,Ipomopsis spicata (Nutt.) V.E. Grant ssp. orchidacea (Brand) Wilken & R.L. Hartm. var. cephaloidea (Rydb.) Wilken & R.L. Hartm.,Grimes-Bergstrom
479,Graphina Lichen,bonsai,82.55,Graphina anguina (Mont.) Müll. Arg.,Crona Group
480,Carolina Coralbead,orquidea,79.26,Cocculus carolinus (L.) DC.,Nader-Hahn
481,Pistia,rosa,75.11,Pistia L.,"Nitzsche, Spinka and Stroman"
482,Wyoming Townsend Daisy,bonsai,92.48,Townsendia alpigena Piper,"Hermann, Harber and Senger"
483,Bigelow's Beggarticks,bonsai,80.01,Bidens bigelovii A. Gray,"Bogan, Blick and Brakus"
484,Ione Buckwheat,rosa,86.04,Eriogonum apricum J.T. Howell,Blick-McKenzie
485,Ulota Moss,orquidea,22.13,Ulota phyllantha Brid.,Lindgren LLC
486,Talus Slope Bur Cucumber,otros,57.83,Sicyos waimanaloensis H. St. John,Bauch-Donnelly
487,California Bulrush,orquidea,27.18,Schoenoplectus californicus (C.A. Mey.) Palla,"Dare, Tillman and Kunde"
488,Streamside Phlox,orquidea,84.34,Phlox pilosa L. ssp. riparia Wherry,"Williamson, Rogahn and Leuschke"
489,Undulate Jelly Lichen,otros,91.19,Collema undulatum Laurer ex Flotow var. granulosum Degel.,Schmitt Group
490,Persian Lilac,rosa,81.96,Syringa ×persica L.,Turner LLC
491,Bog Aster,orquidea,83.02,Oclemena nemoralis (Aiton) Greene,Mann and Sons
492,Wedgeleaf Horkelia,otros,33.35,Horkelia cuneata Lindl. ssp. cuneata,"Purdy, Bradtke and Gislason"
493,Pomegranate,rosa,51.92,Punica granatum L.,Rempel Group
494,Slimleaf Milkweed,rosa,19.93,Asclepias stenophylla A. Gray,"Braun, Nikolaus and Brekke"
495,Jayuya,bonsai,91.34,Peperomia tenella (Sw.) A. Dietr.,Collins-Pouros
496,Larchleaf Beardtongue,orquidea,40.08,Penstemon laricifolius Hook. & Arn. ssp. laricifolius,Howell Group
497,Island Barberry,bonsai,44.06,Mahonia pinnata (Lag.) Fedde ssp. insularis (Munz) J.B. Roof,Wolf-Abernathy
498,Polar Alkaligrass,otros,68.16,Puccinellia deschampsioides T.J. Sørensen,"Muller, Windler and Dach"
499,Lapland Beard Lichen,rosa,81.13,Usnea lapponica Vain.,"Prohaska, Miller and Kirlin"
500,Horehound,orquidea,10.88,Marrubium peregrinum L.,"Hilll, Hoeger and Gusikowski"
501,San Bernardino Suncup,bonsai,78.24,Camissonia confusa P.H. Raven,"Cummings, Kulas and Grady"
502,Mountain Dubautia,orquidea,49.32,Dubautia menziesii (A. Gray) D.D. Keck,Prosacco-Boyer
503,Colusagrass,otros,75.58,Neostapfia colusana (Burtt Davy) Burtt Davy,Jacobi-Mohr
504,Gray's Licorice-root,bonsai,73.91,Ligusticum grayi J.M. Coult. & Rose,Langworth and Sons
505,Smallflower False Foxglove,otros,33.11,Agalinis paupercula (A. Gray) Britton var. borealis Pennell,"Mertz, Upton and Bins"
506,Woolly Prairie Clover,rosa,77.5,Dalea lanata Spreng. var. lanata,"Pfannerstill, Bins and Connelly"
507,Handsome Spikemoss,orquidea,51.64,Selaginella subcaulescens Baker,Lind Group
508,Fragrant Bursera,rosa,44.15,Bursera fagaroides (Kunth) Engl. var. fagaroides (Kunth) Engl. [excluded],"Flatley, Haag and Bashirian"
509,'ena'ena,orquidea,90.06,Pseudognaphalium sandwicensium (Gaudich.) Anderb. var. hawaiiense (O. Deg. & Sherff) W.L. Wagner,"Frami, Buckridge and Towne"
510,Hulten's Crabseye Lichen,otros,7.13,Ochrolechia subplicans (Nyl.) Brodo ssp. hultenii (Erichsen) Brodo,"Stehr, Boehm and Casper"
511,Mountain Graygum,otros,78.74,Eucalyptus goniocalyx F. Muell. ex Miq.,"McKenzie, Treutel and Graham"
512,Flatsedge,bonsai,42.14,Cyperus pseudothyrsiflorus (Kük.) R. Carter & S.D. Jones,Cormier-Kunde
513,Physcomitrella Moss,otros,84.09,Physcomitrella patens (Hedw.) Bruch & Schimp.,"White, Rogahn and Steuber"
514,Rimmed Lichen,otros,39.51,Aspicilia A. Massal.,"Ortiz, Bergnaum and Greenfelder"
515,Whitetop Aster,rosa,89.08,Sericocarpus Greene,Lakin-Graham
516,Scaly Dwarf Polypody,orquidea,47.84,Grammitis cultrata (Willd.) Proctor,West and Sons
517,Smallawned Sedge,rosa,92.63,Carex microchaeta T. Holm,Miller-Kessler
518,Hatiora,orquidea,19.29,Hatiora Britton & Rose,"Goyette, Bogan and Ullrich"
519,Burrobrush,orquidea,6.54,Hymenoclea Torr. & A. Gray ex A. Gray,"Langosh, Olson and Tromp"
520,Himalayan Honeysuckle,otros,99.63,Leycesteria formosa Wall.,Friesen-Hegmann
521,Watson's Prickly Phlox,otros,39.85,Linanthus watsonii (A. Gray) J.M. Porter & L.A. Johnson,Schroeder LLC
522,Mojave Sage,bonsai,2.44,Salvia mohavensis Greene,Kris Inc
523,Philibert's Thuidium Moss,bonsai,74.78,Thuidium philibertii Limpr.,"Hilll, Murphy and Heidenreich"
524,Crested Yellow Orchid,otros,96.12,Platanthera cristata (Michx.) Lindl.,Rolfson and Sons
525,Slender Dwarf Morning-glory,bonsai,56.67,Evolvulus alsinoides (L.) L. var. angustifolius Torr.,"Daugherty, Murphy and Howe"
526,Robbins' Milkvetch,rosa,71.21,Astragalus robbinsii (Oakes) A. Gray var. minor (Hook.) Barneby,Wuckert Group
527,Narrow-leaf Peppermint Gum,orquidea,27.56,Eucalyptus radiata Sieber ex DC.,"Grimes, Brown and Farrell"
528,Adonis Blazingstar,rosa,32.78,Mentzelia multiflora (Nutt.) A. Gray,"Cormier, Dooley and Bahringer"
529,Florida Keys Nutrush,rosa,36.89,Scleria lithosperma (L.) Sw.,Little Inc
530,Trailing Milkvine,rosa,38.28,Matelea pubiflora (Decne.) Woodson,"Streich, Senger and Halvorson"
531,Seaside Beebalm,rosa,56.97,Monarda maritima (Cory) Correll,Rath-Lindgren
532,Grand Paspalum,rosa,89.3,Paspalum pulchellum Kunth,Monahan LLC
533,Wedgeleaf Spurge,orquidea,24.21,Euphorbia longicruris Scheele,"Hoeger, Towne and Kozey"
534,Slender Yellow Woodsorrel,rosa,46.29,Oxalis dillenii Jacq.,"Lynch, Cronin and Gaylord"
535,Longtip Lacebark,rosa,64.48,Hohenbergia attenuata Britton,"Schmeler, Greenholt and Muller"
536,Small-leaf Pygmyweed,rosa,60.08,Crassula drummondii (Torr. & A. Gray) Fedde,Koss Inc
537,Threetooth Horkelia,bonsai,60.87,Horkelia tridentata Torr. ssp. flavescens (Rydb.) D.D. Keck,"West, Koepp and Beahan"
538,Algarrobo,orquidea,81.07,Prosopis chilensis (Molina) Stuntz,Ullrich-DuBuque
539,Red Rice,otros,73.07,Oryza punctata Kotzchy ex Steud.,Maggio-Raynor
540,Memphisgrass,rosa,93.91,Cutandia memphitica (Spreng.) K. Richt.,Towne LLC
541,Park Rockcress,otros,12.74,Arabis fernaldiana Rollins,Dach-Cormier
542,Largeseed Forget-me-not,bonsai,10.54,Myosotis macrosperma Engelm.,Will-Wilderman
543,Bowl Lichen,otros,98.38,Psoroma hypnorum (Vahl) A. Gray,"Welch, Adams and O'Hara"
544,Smooth Northern-rockcress,rosa,40.65,Braya glabella Richardson ssp. glabella,Pollich Group
545,Jumby Pepper,orquidea,28.63,Microtea Sw.,"Tromp, Senger and Blick"
546,Narrowleaf Bedstraw,otros,1.63,Galium angustifolium Nutt. ex A. Gray,"Hahn, Tillman and Nienow"
547,Slimleaf Plainsmustard,rosa,73.11,Schoenocrambe linearifolia (A. Gray) Rollins,Beahan LLC
548,Lava Dubautia,rosa,98.09,Dubautia ciliolata (DC.) D.D. Keck ssp. glutinosa G.D. Carr,Mitchell-Gerlach
549,Zebraplant,orquidea,39.7,Calathea zebrina (Sims) Lindl.,"Langosh, Graham and Prosacco"
550,Cyrtandra,bonsai,15.22,Cyrtandra ×atomigyna H. St. John & Storey (pro sp.),Howell Inc
551,Florida Lady's Nightcap,rosa,12.5,Bonamia grandiflora (A. Gray) Hallier f.,Bashirian-Mayert
552,Clustered Dodder,rosa,38.71,Cuscuta fasciculata Yunck.,"Breitenberg, Gottlieb and Orn"
553,Curlyhead Goldenweed,rosa,65.54,Pyrrocoma crocea (A. Gray) Greene var. crocea,Durgan-Rempel
554,Mountain Sage,rosa,68.62,Salvia regla Cav.,Hand Group
555,Joshua Tree,otros,30.72,Yucca brevifolia Engelm.,Emmerich-Heidenreich
556,Seliger's Herzogiella Moss,orquidea,42.72,Herzogiella seligeri (Brid.) Z. Iwats.,"Moore, Roberts and Emard"
557,Texas Flatsedge,rosa,9.39,Cyperus seslerioides Kunth,Brakus-Wuckert
558,Western Trailing Ticktrefoil,orquidea,46.15,Desmodium procumbens (Mill.) Hitchc. var. exiguum (A. Gray) B.G. Schub.,"Bergnaum, Gerhold and Larson"
559,Black Henbane,bonsai,79.99,Hyoscyamus niger L.,"Adams, Swift and Champlin"
560,Greene's Four O'clock,bonsai,46.36,Mirabilis greenei S. Watson,Green LLC
561,Sunflower,bonsai,68.46,Helianthus ×luxurians E.E. Watson (pro sp.),Spencer Group
562,Pacific Pea,orquidea,33.13,Lathyrus vestitus Nutt. ssp. vestitus,Senger-Fahey
563,Chamisso Arnica,bonsai,36.77,Arnica chamissonis Less.,"Koelpin, Kreiger and Roberts"
564,Huckleberry,otros,82.18,Gaylussacia Kunth,Schumm-Kuhic
565,Fewflower Beggarticks,rosa,26.82,Bidens leptocephala Sherff,"Bergnaum, Cummerata and Parker"
566,Diels' Cotoneaster,bonsai,9.51,Cotoneaster dielsianus E. Pritz.,"Langosh, Kessler and Bernhard"
567,Bride's Feathers,otros,75.45,Aruncus dioicus (Walter) Fernald var. dioicus,"Kuhn, Feest and Wisozk"
568,Glandular Bundleflower,bonsai,56.34,Desmanthus glandulosus (B.L. Turner) Luckow,Kilback Group
569,Scarletbush,bonsai,41.39,Hamelia patens Jacq.,Hodkiewicz-Donnelly
570,Loulu,otros,74.31,Coniogramme pilosa (Brack.) Hieron.,"Koelpin, Maggio and Feeney"
571,Bryum Moss,rosa,97.57,Bryum curvatum Kaur. & Arnell,Herzog-Simonis
572,Ephemerum Moss,bonsai,9.47,Ephemerum spinulosum Bruch & Schimp.,Ernser-Heathcote
573,California Nettle,otros,54.35,Urtica dioica L. ssp. gracilis (Aiton) Seland.,"Douglas, Russel and Rogahn"
574,Spreading Hedgeparsley,otros,66.74,Torilis arvensis (Huds.) Link,Schinner-Ondricka
575,Roughleaf Dogwood,rosa,44.01,Cornus drummondii C.A. Mey.,Hilll Group
576,Longleaf Jointfir,rosa,33.67,Ephedra trifurca Torr. ex S. Watson,"Shanahan, Halvorson and Windler"
577,Orange Lichen,orquidea,53.12,Caloplaca alcarum Poelt,Ernser and Sons
578,Texas Windmill Grass,otros,34.54,Chloris texensis Nash,"Hettinger, Hessel and Schamberger"
579,Giant Angelica,rosa,24.49,Angelica ampla A. Nelson,"Daugherty, Gulgowski and Jerde"
580,Velvetleaf Ticktrefoil,orquidea,68.18,Desmodium viridiflorum (L.) DC.,Blick-Upton
581,Cup Lichen,otros,84.97,Cladonia caespiticia (Pers.) Flörke,Koepp and Sons
582,Red Wattle,rosa,30.74,Acacia silvestris Tindale,"Runolfsson, Braun and Walsh"
583,Peculiar Moonwort,rosa,41.09,Botrychium paradoxum W.H. Wagner,"Nolan, Flatley and Rempel"
584,Wart Lichen,otros,40.56,Pyrenula cocoes Müll. Arg.,Labadie and Sons
585,Sendtner's Molendoa Moss,otros,32.99,Molendoa sendtneriana (Bruch & Schimp.) Limpr.,"Beier, Barton and Tillman"
586,Esmeralda Buckwheat,otros,69.5,Eriogonum esmeraldense S. Watson,McGlynn Inc
587,Fascicled Beaksedge,bonsai,52.04,Rhynchospora fascicularis (Michx.) Vahl var. distans (Michx.) Chapm.,"Ortiz, Mertz and Kuhn"
588,Tree Poppy,orquidea,65.75,Dendromecon rigida Benth. ssp. rhamnoides (Greene) Thorne,Nolan-Rippin
589,Cracked Lichen,orquidea,64.33,Acarospora terricola H. Magn.,Spinka and Sons
590,Pennycress,bonsai,98.91,Thlaspi L.,Rosenbaum and Sons
591,Woodland Necklace Fern,bonsai,76.95,Lindsaea lancea (L.) Bedd.,Fisher Group
592,Tiger's Claw,rosa,12.42,Erythrina variegata L. var. orientalis L.,Deckow Inc
593,Beadle's Hawthorn,orquidea,69.37,Crataegus beadlei Ashe,Tremblay LLC
594,Gray's Draba,orquidea,6.71,Draba grayana (Rydb.) C.L. Hitchc.,Steuber-Lubowitz
595,New Mexico Unicorn-plant,orquidea,48.26,Proboscidea spicata Correll,Schroeder LLC
596,Eastwood's Larkspur,otros,93.35,Delphinium parryi A. Gray ssp. eastwoodiae Ewan,"Lindgren, McGlynn and Harvey"
597,Elephantear Pricklypear,orquidea,7.7,Opuntia tuna (L.) Mill.,"Carter, Buckridge and Beatty"
598,Ribbed Paspalum,bonsai,51.6,Paspalum malacophyllum Trin.,"Hegmann, Monahan and Heaney"
599,Hamatocaulis Moss,orquidea,76.12,Hamatocaulis Hedenäs,Conn-Sanford
600,Bachang,otros,2.04,Mangifera foetida Lour.,Maggio and Sons
601,Alpinegold,orquidea,73.01,Hulsea Torr. & A. Gray,"Stanton, Lubowitz and Bradtke"
602,Tubercle Dodder,rosa,23.55,Cuscuta tuberculata Brandegee,Kilback-Fay
603,Sweetscent,orquidea,96.88,Pluchea odorata (L.) Cass.,Becker-Beahan
604,Herbaceous Glorytree,rosa,28.47,Tibouchina herbacea (DC.) Cogn.,"Ratke, Dickinson and Jakubowski"
605,Drummond's Cinquefoil,orquidea,65.39,Potentilla drummondii Lehm. ssp. bruceae (Rydb.) D.D. Keck,Kuphal-Hagenes
606,Riddell's Ragwort,otros,22.66,Senecio riddellii Torr. & A. Gray,Russel-Bergstrom
607,Lanceleaf Violet,otros,32.02,Viola sublanceolata House (pro hybr.),"Bailey, Senger and Von"
608,American Lopseed,orquidea,75.73,Phryma leptostachya L.,Kihn Inc
609,Passionflower,otros,2.77,Passiflora antioquiensis Karsten,Hettinger Group
610,Silver Bluestem,orquidea,84.35,Bothriochloa saccharoides (Sw.) Rydb.,Treutel and Sons
611,Yellow Nutsedge,orquidea,7.53,Cyperus esculentus L. var. sativus Boeckeler,Flatley Inc
612,Simon Bamboo,orquidea,11.49,Pleioblastus simonii (Carrière) Nakai,"Jaskolski, Parisian and Batz"
613,Broadleaf Sedge,bonsai,10.65,Carex platyphylla Carey,"Morissette, Hoeger and Ferry"
614,Mutis' Burrweed,bonsai,77.75,Soliva mutisii Kunth,"Nienow, Mraz and Goldner"
615,Coastal Sand Paspalum,otros,75.61,Paspalum maritimum Trin.,Abbott-Hermann
616,Dwarf Cottonrose,rosa,86.95,Logfia depressa (A. Gray) Holub,O'Reilly Group
617,Speerschneidera Lichen,orquidea,20.24,Speerschneidera Trevis.,Cremin-Beahan
618,Smooth Brome,orquidea,7.95,Bromus inermis Leyss. ssp. inermis var. inermis,"Collier, Leffler and Metz"
619,Birdeye Primrose,rosa,6.68,Primula laurentiana Fernald,"Anderson, Hills and Reichert"
620,Bur Oak,rosa,20.95,Quercus macrocarpa Michx.,Johnson Group
621,Widethroat Pink Monkeyflower,otros,94.16,Mimulus platylaemus Pennell,"Mayer, Wiza and Feest"
622,Drepanocladus Moss,rosa,39.17,Drepanocladus aduncus (Hedw.) Warnst. var. polycarpus (Bland. ex Voit) G. Roth,Howell-Metz
623,Water Horsetail,bonsai,43.6,Equisetum fluviatile L.,"Bartoletti, Corkery and Koss"
624,Monkshood,orquidea,20.86,Aconitum L.,"Erdman, Zemlak and Kling"
625,Shield Lichen,otros,44.3,Heterodermia granulifera (Ach.) W.L. Culb.,Collier-Ratke
626,New Mexico False Yucca,otros,5.06,Hesperaloe funifera (Lem.) Trel.,Fadel-Bartoletti
627,Hammock Viper's-tail,orquidea,86.34,Pentalinon luteum (L.) B.F. Hansen & Wunderlin,"Mueller, Cremin and Feil"
628,Tropical Whitetop,otros,75.03,Rhynchospora radicans (Schltdl. & Cham.) H. Pfeifer ssp. microcephala (Bertero ex Spreng.) W.W. Thomas,Schimmel and Sons
629,Apetalous Sandwort,otros,47.49,Moehringia trinervia (L.) Clairv.,Wisozk-Waelchi
630,Forkleaf Toothwort,rosa,68.34,Cardamine dissecta (Leavenworth) Al-Shehbaz,Treutel Inc
631,Smooth Blue Aster,bonsai,34.27,Symphyotrichum laeve (L.) Á. Löve & D. Löve,Koepp LLC
632,Forest Spleenwort,rosa,93.17,Asplenium contiguum Kaulf. var. hirtulum C. Chr.,"Zboncak, Schuppe and Boyer"
633,Angled Paludella Moss,orquidea,23.51,Paludella squarrosa (Hedw.) Brid.,Thiel LLC
634,Lily Of The Incas,orquidea,56.54,"Alstroemeria psittacina Lehm., nom. inq.","Hand, Lakin and Abshire"
635,Toothed Flatsedge,otros,31.16,Cyperus dentatus Torr.,"Nienow, Kessler and Schamberger"
636,Bullseye Lichen,bonsai,22.79,Placopsis gelida (L.) Lindsay,Reichert Inc
637,Ginger,bonsai,22.61,Zingiber Mill.,"Ruecker, Ledner and Wiza"
638,Whiteray Leastdaisy,rosa,44.49,Chaetopappa bellidifolia (A. Gray & Engelm.) Shinners,Stark LLC
639,Pine Hyacinth,rosa,84.07,Clematis baldwinii Torr. & A. Gray,Bartoletti-Orn
640,Blue Paloverde,rosa,46.9,Parkinsonia florida (Benth. ex A. Gray) S. Watson,"Tremblay, Heidenreich and Batz"
641,Chihuahuan Flax,otros,97.52,Linum vernale Wooton,"Satterfield, Schuster and Kovacek"
642,Albany Hawthorn,otros,6.59,Crataegus furtiva Beadle,Kertzmann Group
643,Soft Brome,rosa,92.59,Bromus hordeaceus L.,Becker and Sons
644,Mallow,orquidea,83.15,Malvella Jaubert & Spach,Ratke-Langworth
645,Palmer's Spineflower,bonsai,42.22,Chorizanthe palmeri S. Watson,Koch LLC
646,Leafy Rockdaisy,rosa,61.01,Perityle rupestris (A. Gray) Shinners var. rupestris,Fisher and Sons
647,Slender Hairgrass,rosa,45.57,Deschampsia elongata (Hook.) Munro,Weissnat-Osinski
648,Southern Jointweed,orquidea,49.92,Polygonella americana (Fisch. & C.A. Mey.) Small,Kassulke-Tromp
649,Hybrid Oak,bonsai,50.8,Quercus ×ganderi C.B. Wolf,Block Inc
650,Cottonbush,orquidea,98.12,Maireana aphylla (R. Br.) Paul G. Wilson,"Schuppe, Bednar and Brown"
651,White River Beardtongue,bonsai,87.63,Penstemon scariosus Pennell var. scariosus,"Labadie, Moen and King"
652,Wirestem Buckwheat,bonsai,60.68,Eriogonum pharnaceoides Torr. var. cervinum Reveal,Rice-Schuppe
653,African Bird's-eye Bush,rosa,94.92,Ochna mossambicensis Klotzsch,Schowalter-Wilderman
654,Andrews' Blackberry,orquidea,26.59,Rubus andrewsianus Blanch.,Boyle Group
655,Sessileflower False Goldenaster,otros,51.61,Heterotheca sessiliflora (Nutt.) Shinners ssp. echioides (Benth.) Semple var. echioides,"Weissnat, Torp and Stark"
656,Little Woodfern,bonsai,46.53,Dryopteris parvula W.J. Rob.,Moore LLC
657,Mountain Sandalwood,rosa,17.33,Santalum paniculatum Hook. & Arn.,"Daugherty, Hand and Schimmel"
658,False Venus' Looking Glass,bonsai,70.71,Legenere limosa (Greene) McVaugh,Deckow Group
659,Wild Sugarcane,rosa,71.29,Saccharum spontaneum L.,Purdy-Mills
660,Devil's Cholla,rosa,90.67,Grusonia kunzei (Rose) Pinkava,"Ullrich, Metz and Gottlieb"
661,Variousleaf Fescue,rosa,71.42,Festuca heterophylla Lam.,"Trantow, Koelpin and Bauch"
662,Lacy Phacelia,otros,50.18,Phacelia tanacetifolia Benth.,Shanahan-Wyman
663,Cutleaf Coneflower,rosa,64.02,Rudbeckia laciniata L. var. laciniata,Crooks-Tillman
664,Roundseed Panicgrass,otros,64.67,Dichanthelium sphaerocarpon (Elliott) Gould var. isophyllum (Scribn.) Gould & C.A. Clark,"Bayer, Altenwerth and Tillman"
665,Pale Phacelia,bonsai,73.23,Phacelia pallida I.M. Johnst.,Jacobson Group
666,Caucasian Stonecrop,otros,2.44,Phedimus spurius (M. Bieb.) 't Hart,Eichmann-Morar
667,Cockspur,bonsai,22.25,Echinochloa spiralis Vasinger,Graham Group
668,James River Blackberry,bonsai,2.32,Rubus rosarius L.H. Bailey,"Reichel, Ernser and Kunde"
669,Horsetail Milkweed,otros,47.98,Asclepias subverticillata (A. Gray) Vail,"Gibson, Mills and Quigley"
670,Western False Asphodel,otros,64.51,Triantha occidentalis (S. Watson) Gates ssp. occidentalis,Klein-Becker
671,Resurrection Fern,rosa,52.82,Pleopeltis polypodioides (L.) Andrews & Windham ssp. polypodioides,"Welch, Hegmann and Schaden"
672,Woolly Locoweed,orquidea,84.72,Astragalus mollissimus Torr. var. coryi Tidestr.,Kunze-Nitzsche
673,Brownplume Wirelettuce,orquidea,69.87,Stephanomeria pauciflora (Torr.) A. Nelson,Spencer and Sons
674,Arthothelium Lichen,bonsai,1.47,Arthothelium violascens (Nyl.) Zahlbr.,Bradtke-Halvorson
675,Juratzk's Amblystegium Moss,rosa,47.37,Amblystegium serpens (Hedw.) Schimp. var. juratzkanum (Schimp.) Rau & Herv.,"Okuneva, Shanahan and Mitchell"
676,Pincushions,otros,89.1,Scabiosa L.,Funk-Ruecker
677,Palander's Draba,orquidea,17.99,Draba palanderiana Kjellm.,"Koelpin, White and Ryan"
678,Strapleaf Willow,otros,22.79,Salix ligulifolia (C.R. Ball) C.R. Ball ex C.K. Schneid.,Hirthe-Kihn
679,Greenheart Ebony,bonsai,8.79,Rochefortia acanthophora (DC.) Griseb.,Moore-Paucek
680,Spoonleaf Cyanea,otros,95.74,Cyanea kahiliensis (H. St. John) Lammers,"Gislason, Mayert and Pollich"
681,Sierra Ragwort,otros,83.67,Senecio scorzonella Greene,Hodkiewicz Inc
682,Thread Lichen,bonsai,27.6,Ephebe ocellata Henssen,"Rippin, Williamson and Bednar"
683,Rainbow Manzanita,bonsai,63.89,Arctostaphylos rainbowensis J.E. Keeley & A. Massihi,Schuppe LLC
684,Waihanau Lobelia,rosa,57.86,Lobelia dunbarii Rock ssp. paniculata (Rock) Lammers,Cronin Group
685,Roundleaf Stoneseed,bonsai,37.81,Lithospermum obtusifolium I.M. Johnst.,Bednar-Lehner
686,Monterey Larkspur,otros,51.17,Delphinium hutchinsoniae Ewan,"Beer, Flatley and Raynor"
687,Ballhead Sandwort,orquidea,28.59,Arenaria congesta Nutt. var. simulans Maguire,"Effertz, Hegmann and Ritchie"
688,Screwbean Mesquite,otros,5.86,Prosopis pubescens Benth.,"Vandervort, Shields and Ward"
689,Mariposa Lily,bonsai,49.76,Calochortus Pursh,"Bradtke, Kohler and Witting"
690,Toothleaf Taxiphyllum Moss,bonsai,30.44,Taxiphyllum cuspidifolium (Cardot) Z. Iwats.,"Schaden, Gulgowski and Kohler"
691,Fetid Marigold,rosa,73.08,Dyssodia papposa (Vent.) Hitchc.,Reichel Inc
692,Subterranean Indian Breadroot,bonsai,11.96,Pediomelum hypogaeum (Nutt. ex Torr. & A. Gray) Rydb. var. scaposum (A. Gray) Mahler,"Roob, Balistreri and Gleason"
693,Saltwater Bush,orquidea,88.3,Rachicallis DC.,"Daugherty, Kihn and Gutkowski"
694,Kamanomano,orquidea,53.05,Cenchrus agrimonioides Trin. var. laysanensis F. Br.,"Ortiz, Tromp and Hauck"
695,Desert Fivespot,otros,48.3,Eremalche rotundifolia (A. Gray) Greene,Krajcik-Nitzsche
696,Pseudoleskea Moss,rosa,1.56,Pseudoleskea saviana (De Not.) Latz.,Crist and Sons
697,Kaulfuss' Lipfern,rosa,31.5,Gaga kaulfussii (Kunze) F.W. Li & Windham,Dare Group
698,Pore Lichen,bonsai,52.01,Pertusaria octomela (Norman) Erichsen,"Glover, Turner and Hamill"
699,Snowpeaks Raspberry,bonsai,68.07,Rubus niveus Thunb.,Klein and Sons
700,Earleaf Bladderpod,rosa,40.8,Lesquerella auriculata (Engelm. & A. Gray) S. Watson,"Bartoletti, Ruecker and Bradtke"
701,Brandegee's Springbeauty,rosa,84.61,Claytonia saxosa Brandegee,Bartell-Koch
702,Sticky Monkeyflower,orquidea,82.05,Mimulus viscidus Congd.,Hills and Sons
703,Curvepod Milkvetch,otros,32.49,Astragalus curvicarpus (A. Heller) J.F. Macbr. var. curvicarpus,"Johns, Schmidt and Prosacco"
704,Longbract Mousetail,orquidea,39.22,Ivesia longibracteata Ertter,"Lubowitz, Moen and Weimann"
705,Trans-pecos Sea Lavender,otros,66.47,Limonium limbatum Small,"Hane, Jerde and Terry"
706,California Skin Lichen,orquidea,52.72,Leptogium californicum Tuck.,"Beer, McDermott and Miller"
707,Zebrina,otros,9.36,Zebrina Schnizl.,Boyer-Hegmann
708,Tetraclea,orquidea,99.9,Tetraclea A. Gray,Hamill Inc
709,Sabaigrass,otros,24.95,Eulaliopsis binata (Retz.) C.E. Hubb.,Jakubowski-Lakin
710,Milkmaids,rosa,60.13,Cardamine californica (Nutt.) Greene,Von-Prosacco
711,Mason's Neststraw,orquidea,28.62,Stylocline masonii Morefield,Sporer-Schaefer
712,Groundnut,rosa,90.77,Apios americana Medik.,Hettinger Inc
713,Desert Baccharis,orquidea,52.3,Baccharis sergiloides A. Gray,Zieme LLC
714,Nicholson's Didymodon Moss,orquidea,9.52,Didymodon vinealis (Brid.) R.H. Zander var. nicholsonii (Culm.) R.H. Zander,Dickens-Keebler
715,Smallhead Doll's Daisy,orquidea,96.16,Boltonia diffusa Elliott var. interior Fernald & Grisc.,"Koch, Douglas and Bayer"
716,Candlewood,orquidea,36.79,Phialanthus myrtilloides Griseb.,Haley-Stiedemann
717,Natal Bottlebrush,bonsai,81.07,Greyia radlkoferi Szyszyl.,"Ritchie, Franecki and Balistreri"
718,Menzies' Schiedea,rosa,8.82,Schiedea menziesii Hook.,Koch and Sons
719,Serviceberry,rosa,27.02,Amelanchier ×quinti-martii Louis-Marie (pro sp.),"Crona, Becker and Schumm"
720,Central Idaho Penstemon,rosa,92.35,Penstemon montanus Greene var. idahoensis (Pennell & D.D. Keck) Cronquist,Little-Schuster
721,Polyblastia Lichen,otros,47.01,Polyblastia septentrionalis Lynge,Armstrong Group
722,Texas Mulberry,otros,9.03,Morus microphylla Buckley,Cartwright-Schultz
723,Widespread Rockcap Fern,otros,67.45,Pecluma dispersa (A.M. Evans) M.G. Price,"Hermann, Stiedemann and O'Keefe"
724,Sticky Phacelia,rosa,33.74,Phacelia lenta Piper,Bergstrom LLC
725,Egeria,orquidea,42.52,Egeria Planch.,Funk LLC
726,Marron Bacoba,rosa,78.61,Solanum conocarpum Dunal,Bogan Inc
727,Goldentuft,rosa,6.13,Aurinia petraea (Ard.) Schur,Frami LLC
728,Erect Hedgeparsley,bonsai,80.07,Torilis japonica (Houtt.) DC.,Ward LLC
729,Blunt Broom Sedge,rosa,7.24,Carex tribuloides Wahlenb.,"Kulas, Kemmer and Denesik"
730,Milkflower Cotoneaster,otros,54.78,Cotoneaster lacteus W.W. Sm.,Kuhn Group
731,California Ponysfoot,otros,77.65,Dichondra donelliana Tharp & M.C. Johnst.,Toy-Williamson
732,Groundcone,otros,79.96,Boschniakia C.A. Mey. ex Bong.,Jaskolski LLC
733,Knobthorn,rosa,77.41,Acacia nigrescens Oliv.,Balistreri-Roob
734,Gypsum Centaury,orquidea,70.87,Centaurium maryannum B.L. Turner,"Lehner, Smitham and Flatley"
735,Twinsorus Fern,orquidea,83.52,Diplazium Sw.,Stiedemann Inc
736,Warnstorfia Moss,otros,58.37,Warnstorfia procera (Renauld & Arnell) Tuom. & T. Kop.,Crist LLC
737,Palmer's Cock's Comb,orquidea,85.93,Celosia palmeri S. Watson,"VonRueden, Kautzer and Leuschke"
738,Tower Rockcress,otros,78.3,Arabis glabra (L.) Bernh.,Hickle-Price
739,Purple Marshlocks,rosa,31.3,Comarum palustre L.,"Larson, Huels and Hoppe"
740,Glacial Sedge,orquidea,6.28,Carex glacialis Mack.,"Stokes, Murphy and Tremblay"
741,Robust Lobelia,rosa,94.75,Lobelia robusta Graham,Schneider-Lynch
742,Hairy Lespedeza,bonsai,21.15,Lespedeza hirta (L.) Hornem. ssp. hirta,Cartwright-Gleason
743,Longflower Evening Primrose,rosa,42.45,Oenothera affinis Camb.,Hackett Group
744,Easter Lily,bonsai,5.02,Lilium longiflorum Thunb.,Stamm Group
745,Starlily,rosa,73.71,Leucocrinum Nutt. ex A. Gray,Morar LLC
746,Woollyhead Lessingia,otros,53.57,Lessingia hololeuca Greene,Hammes-Kilback
747,Button Eryngo,otros,10.99,Eryngium yuccifolium Michx. var. yuccifolium,"Kling, Paucek and Jast"
748,Indian Rattlebox,rosa,39.14,Crotalaria assamica Benth.,Heathcote-Yost
749,Santo Domingo False Willow,otros,79.76,Baccharis myrsinites (Lam.) Pers.,"Carroll, Zemlak and Kohler"
750,Sloane's Tribisee,bonsai,48.24,Lasiacis sloanei (Griseb.) Hitchc.,"Ondricka, Stroman and Upton"
751,Rabbitear Iris,otros,90.71,Iris laevigata Fisch. ex Fisch. & C.A. Mey.,Kub-Hessel
752,Brewer's Rockcress,bonsai,88.46,Arabis breweri S. Watson var. breweri,Batz-Skiles
753,Darnel Lovegrass,orquidea,78.2,Eragrostis airoides Nees,Raynor-Stehr
754,Lemmon's Jewelflower,rosa,95.24,Streptanthus lemmonii S. Watson,"Cremin, Mante and Ledner"
755,Southern Waternymph,otros,11.4,Najas guadalupensis (Spreng.) Magnus ssp. guadalupensis,Moen LLC
756,Peach Palm,bonsai,52.32,Bactris gasipaes Kunth,Beahan and Sons
757,Foxglove Beardtongue,orquidea,26.56,Penstemon digitalis Nutt. ex Sims,Jacobson-Williamson
758,Toothpetal Monkeyflower,otros,86.64,Mimulus dentilobus B.L. Rob. & Fernald,"Orn, Nienow and Herman"
759,Dieter's Erigeron,bonsai,75.3,Erigeron wilkenii O'Kane,Greenfelder-Reichel
760,Annual Phlox,orquidea,84.65,Phlox drummondii Hook. ssp. drummondii,Mitchell-Wiegand
761,Splitleaf Cyanea,otros,57.98,Cyanea grimesiana Gaudich. ssp. obatae (H. St. John) Lammers,Torp-Cummings
762,Closed Bottle Gentian,rosa,11.83,Gentiana andrewsii Griseb. var. andrewsii,Langosh-Rodriguez
763,Etruscan Honeysuckle,orquidea,13.95,Lonicera etrusca Santi,Considine-Krajcik
764,Prairie Phlox,bonsai,96.28,Phlox andicola E.E. Nelson ssp. parvula Wherry,Vandervort Inc
765,Tall Elephant's Ear,otros,91.0,Xanthosoma undipes (K. Koch) K. Koch,Morar-Feest
766,Hairyfruit Valerian,bonsai,50.37,Valeriana acutiloba Rydb. var. pubicarpa (Rydb.) Cronquist,Stroman Inc
767,Noble Fir,orquidea,6.31,Abies procera Rehder,Hagenes-Grimes
768,Little Rose,bonsai,92.83,Chamaerhodos Bunge,Haag-Douglas
769,Rocky Mountain Hemlockparsley,orquidea,46.95,Conioselinum scopulorum (A. Gray) J.M. Coult. & Rose,"Stracke, Collins and Carroll"
770,Twinevine,orquidea,91.85,Funastrum Fourn.,Rice-Hermann
771,Wart Lichen,otros,92.25,Staurothele Norman,Bashirian LLC
772,Columbia Needlegrass,orquidea,19.48,Achnatherum nelsonii (Scribn.) Barkworth ssp. nelsonii,Reichel and Sons
773,Scurfpea,bonsai,22.94,Cullen Medik.,Schimmel-Boehm
774,Eastern Mojave Buckwheat,orquidea,93.36,Eriogonum fasciculatum Benth.,Mueller-Koch
775,Rough Rattlesnakeroot,bonsai,58.98,Prenanthes aspera Michx.,Brown-Krajcik
776,Bagpod,bonsai,73.29,Sesbania vesicaria (Jacq.) Elliott,Wyman Group
777,Slender Bird's Beak,orquidea,24.88,Cordylanthus tenuis A. Gray ssp. tenuis,Hintz-Bradtke
778,Scaled Cloak Fern,bonsai,77.48,Notholaena aschenborniana Klotzsch,Smitham-Herman
779,Cusick's Shootingstar,bonsai,84.16,Dodecatheon pulchellum (Raf.) Merr. ssp. cusickii (Greene) Calder & Roy L. Taylor,Lubowitz-Okuneva
780,Mexican Skullcap,bonsai,57.54,Scutellaria potosina Brandegee ssp. potosina,"Tillman, Cremin and Littel"
781,Umbrella Catchbirdtree,otros,1.49,Pisonia umbellifera (J.R. Forst. & G. Forst.) Seem.,Donnelly-Wolff
782,Triangle Orache,bonsai,71.3,Atriplex prostrata Bouchér ex DC.,Shanahan-Ebert
783,Liverleaf Wintergreen,rosa,48.48,Pyrola asarifolia Michx.,"Turcotte, Runolfsdottir and Ward"
784,Earleaf Brickellbush,orquidea,15.16,Brickellia amplexicaulis B.L. Rob. var. amplexicaulis,Carroll-Witting
785,Blueberry,rosa,29.34,Vaccinium ×marianum S. Watson (pro sp.),Price-Legros
786,Camptotheca,otros,81.72,Camptotheca Decne.,"Grady, Crona and Brakus"
787,Yellow Chiodecton Lichen,bonsai,40.89,Chiodecton ochroleucum Zahlbr.,"Grimes, Legros and Gaylord"
788,Basketgrass,rosa,67.05,Oplismenus hirtellus (L.) P. Beauv. ssp. setarius (Lam.) Mez ex Ekman,Rath and Sons
789,Bayonet Rush,rosa,33.5,Juncus militaris Bigelow,Abbott LLC
790,Iceplant,bonsai,45.48,Mesembryanthemum L.,Roob LLC
791,Texas Fescue,rosa,90.43,Festuca versuta Beal,Lynch-Rau
792,Jointed Goatgrass,orquidea,64.58,Aegilops cylindrica Host,Turcotte and Sons
793,Green Flatsedge,rosa,82.39,Cyperus virens Michx.,Jacobson and Sons
794,'ihi Makole,rosa,89.51,Portulaca sclerocarpa A. Gray,Hilpert-Brakus
795,Valley Saltbush,rosa,9.63,Atriplex cuneata A. Nelson ssp. cuneata,"Hodkiewicz, Greenfelder and Hamill"
796,Panicled Sandmallow,rosa,48.63,Sidastrum paniculatum (L.) Fryxell,Heaney Inc
797,Blackeyed Susan Vine,orquidea,14.73,Thunbergia alata Bojer ex Sims,"Fay, Bergstrom and Schneider"
798,Lanceleaf Arnica,orquidea,46.88,Arnica lanceolata Nutt.,Lockman-Senger
799,Intermediate Woodfern,bonsai,55.29,Dryopteris intermedia (Muhl. ex Willd.) A. Gray,Goldner-Borer
800,Gennar's Rinodina Lichen,otros,95.7,Rinodina gennarii Bagl.,"Farrell, Schmitt and Hills"
801,Calcareous Zahlbrucknerella Lichen,orquidea,93.55,Zahlbrucknerella calcarea (Herre) Herre,"Marks, Schmitt and Abernathy"
802,Carapa,otros,87.33,Carapa Aubl.,Waelchi-Schamberger
803,Foxtail Prairie Clover,rosa,75.16,Dalea leporina (Aiton) Bullock,"Hoppe, Konopelski and Schimmel"
804,Desert Figwort,otros,97.25,Scrophularia desertorum (Munz) R.J. Shaw,Mraz Group
805,Mexican-hat-plant,bonsai,52.12,Chiranthodendron pentadactylon Larreat.,"Maggio, Goyette and Kuhic"
806,Falling Dewberry,otros,53.84,Rubus apogaeus L.H. Bailey,"Beier, Pagac and Cormier"
807,Big Saltbush,rosa,13.32,Atriplex lentiformis (Torr.) S. Watson,"Armstrong, Hammes and Lowe"
808,Fringed Bluestar,rosa,6.18,Amsonia ciliata Walter var. tenuifolia (Raf.) Woodson,"Blick, Pollich and Braun"
809,Rough Boneset,rosa,19.57,Eupatorium pilosum Walter,"Frami, Kessler and Thompson"
810,Roundleaf Eyebright,bonsai,95.48,Euphrasia suborbicularis P.D. Sell & Yeo,Bergstrom-Quitzon
811,Seacliff Beggarticks,orquidea,49.46,Bidens hillebrandiana (Drake) O. Deg. ssp. hillebrandiana,Ortiz Inc
812,Candle Snuffer Moss,orquidea,75.67,Encalypta affinis R. Hedw. var. affinis,Hamill-Ferry
813,Canadian Hawthorn,otros,2.01,Crataegus canadensis Sarg.,Macejkovic-Dibbert
814,Taique,bonsai,24.31,Desfontainia Ruiz & Pav.,Moore and Sons
815,Seaberry,orquidea,23.08,Haloragis J.R. Forst. & G. Forst.,Gulgowski-Hintz
816,Leiberg Stonecrop,rosa,89.85,Sedum leibergii Britton,"Dach, Zulauf and Bailey"
817,Florida Willow,orquidea,39.44,Salix floridana Chapm.,Toy-Hahn
818,Goldwire,bonsai,19.85,Hypericum concinnum Benth.,Schmeler and Sons
819,Kirschsteiniothelia Lichen,bonsai,27.8,Kirschsteiniothelia recessa (Cooke & Peck) D. Hswksw.,"Hessel, Ferry and Ward"
820,Ripley's Springparsley,orquidea,54.34,Cymopterus ripleyi Barneby,Stiedemann-Lehner
821,Lanceleaf Grapefern,otros,20.94,Botrychium lanceolatum (S.G. Gmel.) Angstr.,"Weber, Boyle and Crist"
822,Shasta Tarweed,otros,66.5,Madia citrigracilis D.D. Keck,Durgan Group
823,Fairy Fans,orquidea,94.01,Clarkia breweri (A. Gray) Greene,Haley Group
824,Henbane,otros,33.2,Hyoscyamus muticus L.,"Klein, Powlowski and MacGyver"
825,Wislizenus' Senna,otros,59.94,Senna wislizeni (A. Gray) Irwin & Barneby,"Lowe, Hudson and Kshlerin"
826,Rim Lichen,orquidea,23.65,Lecanora saligna (Schrad.) Zahlbr.,Strosin and Sons
827,Champlain Beachgrass,otros,81.23,Ammophila champlainensis Seymour,"Fahey, Graham and Cronin"
828,California Sunflower,otros,10.31,Helianthus californicus DC.,O'Conner Inc
829,Mule Mountain Brickellbush,otros,53.96,Asanthus squamulosus (A. Gray) R.M. King & H. Rob.,Kemmer-Collier
830,Wart Lichen,bonsai,10.28,Pyrenula tenuisepta R.C. Harris,Lynch-Kiehn
831,Barrelier's Bugloss,rosa,56.34,Anchusa barrelieri (All.) Vitman,"Green, Abshire and Hagenes"
832,Longleaf Summer Bluet,otros,8.36,Houstonia longifolia Gaertn.,Jast LLC
833,Cypressknee Sedge,orquidea,20.86,Carex decomposita Muhl.,"Lang, Bode and Bahringer"
834,Rockdwelling Sedge,rosa,32.51,Carex petricosa Dewey,Prosacco LLC
835,Bloomer's Aster,otros,88.61,Symphyotrichum campestre (Nutt.) G.L. Nesom var. bloomeri (A. Gray) G.L. Nesom,Luettgen LLC
836,Mesa Tansyaster,otros,43.6,Machaeranthera tagetina Greene,"Satterfield, Witting and Labadie"
837,Slender Toothwort,otros,34.88,Cardamine angustata O.E. Schulz,Kuvalis Group
838,Snailfern,bonsai,27.63,Cochlidium Kaulf.,McKenzie-Kreiger
839,Shaggystem Cyrtandra,orquidea,95.75,Cyrtandra oenobarba H. Mann,Nitzsche LLC
840,Rydberg's Thistle,otros,36.7,Cirsium rydbergii Petr.,Wiegand Group
841,Tussock Bellflower,orquidea,59.81,Campanula carpatica Jacq.,Rau-Cartwright
842,Scouler's Fumewort,orquidea,41.04,Corydalis scouleri Hook.,"Roberts, Littel and Crooks"
843,Cineraria,orquidea,50.56,Cineraria L.,"Kuvalis, Goodwin and Reynolds"
844,Mt. Lassen Clarkia,otros,9.26,Clarkia lassenensis (Eastw.) F.H. Lewis & M.E. Lewis,"Christiansen, Yundt and Fay"
845,Pale Sage,orquidea,27.6,Salvia pallida Benth.,Watsica Group
846,Pore Lichen,otros,89.81,Pertusaria hymenea (Ach.) Schaerer,Fadel-McDermott
847,Dye Popcornflower,otros,64.12,Plagiobothrys infectivus I.M. Johnst.,"Eichmann, Gottlieb and Schulist"
848,Peninsular Pectocarya,otros,79.06,Pectocarya peninsularis I.M. Johnst.,Mueller and Sons
849,European Olive,otros,79.96,Olea europaea L. ssp. europaea,"Beatty, O'Conner and Roberts"
850,Downy Ragged Goldenrod,otros,77.84,Solidago petiolaris Aiton,"Boyer, Bednar and Price"
851,Dwarf Mountain Ragwort,orquidea,86.08,Senecio fremontii Torr. & A. Gray var. blitoides (Greene) Cronquist,MacGyver LLC
852,Howell's Thelypody,rosa,86.59,Thelypodium howellii S. Watson,Tromp LLC
853,Gila River Dodder,rosa,97.63,Cuscuta applanata Engelm.,"Schroeder, Weber and Legros"
854,Narrowleaf Silkgrass,otros,58.02,Pityopsis graminifolia (Michx.) Nutt. var. graminifolia,Ruecker and Sons
855,Lilyturf,otros,20.87,Liriope graminifolia (L.) Baker,Christiansen-Schmidt
856,Oahu Lovegrass,orquidea,60.79,Eragrostis paupera Jedw.,"Lockman, Stark and Gottlieb"
857,Dixie Hawthorn,bonsai,82.99,Crataegus arrogans Beadle,Toy Inc
858,Fragrant Wandflower,orquidea,75.12,Sparaxis fragrans (Jacq.) Ker Gawl.,"Hirthe, Hoppe and Schroeder"
859,Lablab,bonsai,76.04,Lablab Adans.,Mueller-Rice
860,Ashy Pipewort,bonsai,48.39,Eriocaulon cinereum R. Br.,Russel and Sons
861,Violet Suksdorfia,rosa,14.22,Suksdorfia violacea A. Gray,"Erdman, McKenzie and Hilll"
862,New Orleans Dewberry,orquidea,14.91,Rubus sons L.H. Bailey,"Boehm, Schimmel and Gislason"
863,Palestine Clover,otros,92.54,Trifolium palaestinum Boiss.,Gottlieb-Williamson
864,Tracy's Rush,orquidea,83.14,Juncus tracyi Rydb.,"Blanda, Parisian and Conn"
865,Torrey's Milkvetch,orquidea,73.46,Astragalus calycosus Torr. ex S. Watson,Schinner-Muller
866,Wart Lichen,bonsai,31.72,Staurothele Norman,"Hauck, Russel and Denesik"
867,Terminalia,rosa,99.07,Terminalia carolinensis Kaneh.,Mills Inc
868,Copaiba,bonsai,79.38,Copaifera officinalis (Jacq.) L.,Turcotte LLC
869,Chaparral Nightshade,bonsai,51.71,Solanum xanti A. Gray var. intermedium Parish,Conn Group
870,Emory's Milkvetch,bonsai,82.97,Astragalus emoryanus (Rydb.) Cory,Wuckert and Sons
871,Blasdale Bentgrass,rosa,44.14,Agrostis blasdalei Hitchc.,Graham Group
872,Slender Buckwheat,orquidea,73.42,Eriogonum microthecum Nutt.,Ledner-Waelchi
873,Ash Creek Mousetail,bonsai,83.09,Ivesia paniculata T.W. Nelson & J.P. Nelson,Bruen-Bernhard
874,Arrowleaf Falsepickerelweed,rosa,14.69,Monochoria hastata (L.) Solms [excluded],Klocko-Haag
875,Geyer's Sedge,bonsai,12.57,Carex geyeri Boott,"Ziemann, Hahn and Barrows"
876,Feijoa,otros,74.72,Feijoa sellowiana (O. Berg) O. Berg,O'Keefe-Gerlach
877,Pacific False Bindweed,rosa,66.47,Calystegia purpurata (Greene) Brummitt ssp. saxicola (Eastw.) Brummitt,"Gusikowski, Maggio and Goodwin"
878,Spanish Needle Onion,bonsai,34.64,Allium shevockii McNeal,Corkery-Hickle
879,Balsamroot,rosa,59.69,Balsamorhiza ×bonseri H. St. John (pro sp.),Sporer LLC
880,Cybianthus,rosa,47.65,Cybianthus Mart.,Mayer and Sons
881,Polyblastia Lichen,rosa,3.23,Polyblastia A. Massal.,Rosenbaum-Lehner
882,Tumblegrass,bonsai,75.39,Schedonnardus Steud.,"West, Wolff and Lueilwitz"
883,Purple Desert Lupine,orquidea,14.85,Lupinus shockleyi S. Watson,Wuckert-Bode
884,Graceful Maiden Fern,rosa,90.45,Thelypteris pennata (Poir.) Morton,Reynolds Group
885,Pin Lichen,orquidea,67.75,Coniocybe gracilescens Willey,Harber and Sons
886,Little Floating Bladderwort,rosa,78.42,Utricularia radiata Small,"Mayert, Zulauf and Eichmann"
887,Common Marshmallow,otros,47.86,Althaea officinalis L.,"Wilkinson, Bechtelar and Rogahn"
888,Siskiyou Splashzone Moss,bonsai,68.91,Scouleria siskiyouensis Shevock & D.H. Norris,Quigley LLC
889,Dot Lichen,rosa,15.92,Micarea ternaria (Nyl.) Vezda,Weimann-Fay
890,Western Brackenfern,otros,53.18,Pteridium aquilinum (L.) Kuhn,McGlynn-Wehner
891,Pine-leaf Bottlebrush,rosa,93.22,Callistemon pinifolius (J.C. Wendl.) DC.,"Smith, Bayer and Beahan"
892,Smooth Draba,rosa,65.95,Draba glabella Pursh,Boehm-Welch
893,Drops Of Gold,otros,52.81,Prosartes hookeri Torr. var. parvifolia (S. Watson) Kartesz,Daugherty-Hoeger
894,Peck's Indian Paintbrush,bonsai,13.56,Castilleja peckiana Pennell,Crist Inc
895,Laurel,otros,1.53,Laurus L.,Terry-Abernathy
896,Stanley Creek Draba,orquidea,56.7,Draba trichocarpa Rollins,O'Conner Inc
897,Ajowan Caraway,bonsai,44.25,Trachyspermum Link,Botsford-Feest
898,Slim Amaranth,bonsai,10.57,Amaranthus hybridus L.,Rosenbaum Group
899,Clammy Clover,bonsai,41.04,Trifolium obtusiflorum Hook. f.,"Gleichner, Purdy and Renner"
900,Sprangletop,orquidea,36.16,Leptochloa P. Beauv.,"Wunsch, Littel and Grady"
901,Baby's Breath,bonsai,90.3,Gypsophila paniculata L.,Bartoletti Group
902,Lesser Yellow Lady's Slipper,orquidea,67.01,Cypripedium parviflorum Salisb. var. parviflorum,Dooley and Sons
903,Purple Crowberry,otros,77.22,Empetrum eamesii Fernald & Wiegand,"Stokes, Kub and Kub"
904,Cheesewood,bonsai,45.92,Pittosporum ×monae Rock ex H. St. John (pro sp.),Paucek-Rutherford
905,Duck River Bladderpod,rosa,17.3,Lesquerella densipila Rollins,"Bins, Bartoletti and Schultz"
906,Guadalupe Cryptantha,otros,2.99,Cryptantha maritima (Greene) Greene,Cormier-Nienow
907,Alyssumleaf Phlox,bonsai,72.46,Phlox alyssifolia Greene ssp. alyssifolia,Lakin-Swaniawski
908,Common Bird's-foot,bonsai,20.0,Ornithopus sativus Brot. ssp. sativus,Thompson and Sons
909,Gray Oak,otros,90.95,Quercus grisea Liebm.,"Gulgowski, Grimes and Lindgren"
910,Sprucemont Flax,orquidea,70.38,Linum subteres (Trel.) Winkl.,"Mraz, Reinger and Cartwright"
911,Pineywoods Geranium,otros,24.04,Geranium caespitosum James,Mayert and Sons
912,Nepsera,orquidea,58.63,Nepsera Naud.,Kuhic LLC
913,Herre's Rinodina Lichen,bonsai,45.29,Rinodina herrei H. Magn.,Zulauf-Sanford
914,Colorado Larkspur,bonsai,91.14,Delphinium alpestre Rydb.,"Botsford, Ritchie and Donnelly"
915,Spotted Bean,otros,56.89,Phaseolus maculatus Scheele,Koepp Group
916,Bolander's Woodland-star,otros,77.28,Lithophragma bolanderi A. Gray,"Lesch, Heidenreich and Keeling"
917,Pinkflower Hedgehog Cactus,bonsai,95.13,Echinocereus fendleri (Engelm.) Sencke ex J.N. Haage ssp. rectispinus (Peebles) N.P. Taylor,"Satterfield, Ziemann and Schinner"
918,Feijoa,bonsai,6.92,Feijoa O. Berg,"Ortiz, Hand and Mertz"
919,Bush Vetch,rosa,84.27,Vicia sepium L.,Bailey-Streich
920,Western Leatherwood,otros,56.84,Dirca occidentalis A. Gray,Sawayn-Beer
921,Rugel's False Pawpaw,bonsai,23.01,Deeringothamnus rugelii (B.L. Rob.) Small,Witting Group
922,Pointed Cryptantha,orquidea,54.53,Cryptantha muricata (Hook. & Arn.) A. Nelson & J.F. Macbr.,"Thompson, Fadel and Labadie"
923,Longbarb Arrowhead,rosa,85.83,Sagittaria longiloba Engelm. ex J.G. Sm.,"Mann, Lakin and Quigley"
924,Oahu Woodrush,bonsai,85.91,Luzula hawaiiensis Buchenau var. oahuensis (O. Deg. & Fosberg) O. Deg. & I. Deg.,"Anderson, Bogisich and Dibbert"
925,Leafy Fleabane,otros,84.64,Erigeron foliosus Nutt. var. foliosus,Will Inc
926,Japanese Bush Cherry,rosa,69.06,Prunus japonica Thunb.,Herman Inc
927,Willowleaf Candyleaf,orquidea,49.46,Stevia salicifolia Cav.,Robel and Sons
928,Corn Poppy,bonsai,75.63,Papaver rhoeas L.,O'Keefe Inc
929,Savin,orquidea,97.69,Juniperus sabina L.,Hauck-Lehner
930,Sullivant's Coolwort,rosa,9.96,Sullivantia sullivantii (Torr. & A. Gray) Britton,Thompson-Turner
931,Appalachian Bristle Fern,bonsai,78.47,Trichomanes boschianum Sturm,Baumbach-Stiedemann
932,Island Speedwell,bonsai,61.34,Veronica plebia R. Br.,Auer Group
933,Dark Noseburn,orquidea,64.49,Tragia nigricans Bush,Donnelly and Sons
934,Nevada Pottia Moss,rosa,45.86,Pottia nevadensis Cardot & Thér.,Wisoky-Nikolaus
935,Veiny Pepperweed,bonsai,42.35,Lepidium oblongum Small var. insulare C.L. Hitchc.,Rice-Kuhic
936,Lemmon's Jewelflower,rosa,52.13,Streptanthus lemmonii S. Watson,Streich Inc
937,Common Whipplea,rosa,19.48,Whipplea modesta Torr.,Brakus and Sons
938,Rengas,rosa,19.37,Gluta renghas L.,Rosenbaum and Sons
939,Ternate Grapefern,bonsai,87.84,Botrychium rugulosum W.H. Wagner,Zboncak-Dickinson
940,Wart Lichen,rosa,71.22,Pyrenula punctella (Nyl.) Trevis.,Rutherford LLC
941,Cooper's Cyathea,orquidea,16.45,Cyathea cooperi (Hook. ex F. Muell.) Domin,Zboncak Inc
942,Thickleaf Pepperweed,orquidea,68.45,Lepidium integrifolium Nutt.,Anderson-Hagenes
943,Tranquil Goldenweed,bonsai,9.21,Pyrrocoma clementis Rydb. var. villosa (Rydb.) Mayes ex G. Brown & Keil,"Daniel, McCullough and Bergnaum"
944,Gland Onion,otros,59.24,Allium glandulosum Link & Otto,Zboncak-Cronin
945,Bright Green Dudleya,rosa,79.37,Dudleya virens (Rose) Moran ssp. virens,"Beahan, Leuschke and Rowe"
946,Eaton's Fleabane,bonsai,94.61,Erigeron eatonii A. Gray,Cassin Inc
947,Tamarack,bonsai,43.6,Larix laricina (Du Roi) K. Koch,Cronin LLC
948,Herbert River Cherry,orquidea,88.27,Antidesma dallachyanum Baill.,Lemke-Grady
949,Oceanblue Phacelia,otros,24.71,Phacelia ranunculacea (Nutt.) Constance,"Lowe, Schimmel and Wolf"
950,Theobroma,otros,83.28,Theobroma grandiflorum (Willd. ex Spreng.) Schum.,"Casper, Thompson and Kassulke"
951,Adanson's Monstera,orquidea,56.07,Monstera adansonii Schott,Ledner-Wunsch
952,Phacopsis Lichen,otros,39.75,Phacopsis vulpina Tul.,Goodwin and Sons
953,Phoenician Juniper,rosa,74.32,Juniperus phoenicea L.,"Schaefer, Beer and Kuhn"
954,Horsetail,bonsai,33.17,Equisetum ×mackaii (Newm.) Brichan,Hackett LLC
955,Miniature Lupine,rosa,26.06,Lupinus bicolor Lindl. ssp. tridentatus (Eastw. ex C.P. Sm.) D. Dunn,"Aufderhar, Crooks and Lueilwitz"
956,Wart Lichen,rosa,21.4,Pyrenula Ach.,Eichmann-Mann
957,Streambank Wild Hollyhock,rosa,54.11,Iliamna rivularis (Douglas ex Hook.) Greene var. rivularis,Schaden and Sons
958,Thickfoot Saltbush,bonsai,79.56,Atriplex pachypoda Stutz & G.L. Chu,Hammes-Halvorson
959,Mamani,otros,53.55,Sophora chrysophylla (Salisb.) Seem.,"Mueller, Nader and Swift"
960,Agracejo Rastrero,orquidea,78.75,Evolvulus nummularius (L.) L.,Kuhic-Gottlieb
961,Blindia Moss,rosa,53.75,Blindia Bruch & Schimp.,"Kohler, Purdy and O'Kon"
962,Stemless Ironweed,bonsai,80.05,Vernonia acaulis (Walter) Gleason,Kirlin-Schimmel
963,Leioderma Lichen,rosa,22.39,Leioderma sorediatum D.J. Galloway & P.M. Jørg.,Stoltenberg Group
964,Beaked Skeletonweed,rosa,73.09,Shinnersoseris rostrata (A. Gray) S. Tomb,"Harber, Torp and Russel"
965,Maryland Goldenaster,bonsai,22.3,Chrysopsis mariana (L.) Elliott,Balistreri Inc
966,Shameplant,rosa,94.39,Mimosa pudica L. var. pudica,Jones-Effertz
967,Small-leaf Spiderwort,bonsai,36.32,Tradescantia fluminensis Vell.,Block-Mayert
968,Spearleaf Buckwheat,rosa,19.64,Eriogonum lonchophyllum Torr. & A. Gray var. fendlerianum (Benth.) Reveal,Reichert Group
969,Santa Clara Valley Liveforever,rosa,81.72,Dudleya setchellii (Jeps.) Britton & Rose,"Ruecker, Konopelski and Macejkovic"
970,Hyparrhenia,bonsai,93.15,Hyparrhenia filipendula (Hochst.) Stapf,Cassin-Homenick
971,Silkreed,orquidea,13.6,Neyraudia reynaudiana (Kunth) Keng ex Hitchc.,Hyatt LLC
972,Candle Snuffer Moss,orquidea,56.97,Encalypta brevicolla (Bruch & Schimp.) Bruch ex Ångstr. var. brevicolla,Smitham LLC
973,Basalt Springparsley,bonsai,69.67,Cymopterus basalticus M.E. Jones,Hermiston-Ryan
974,Shortseed Waterwort,rosa,93.46,Elatine brachysperma A. Gray,Lowe and Sons
975,Cynodontium Moss,orquidea,50.28,Cynodontium strumiferum (Hedw.) Lindb.,Johnson and Sons
976,Wideflower Phlox,orquidea,21.17,Phlox latifolia Michx.,"Bechtelar, Kub and Hirthe"
977,Saturn Skin Lichen,rosa,10.06,Leptogium saturninum (Dicks.) Nyl.,Labadie Inc
978,Barbula Moss,rosa,41.05,Barbula indica (Hook.) Spreng. var. gregaria (Mitt.) R.H. Zander,Stracke LLC
979,Woollyleaf Manzanita,otros,76.48,Arctostaphylos tomentosa (Pursh) Lindl. ssp. bracteosa (DC.) J.E. Adams,Bashirian-Ankunding
980,California Barley,bonsai,66.06,×Elyhordeum californicum (Bowden) Barkworth,"Considine, Herzog and Hartmann"
981,Polynesian Peperomia,orquidea,32.25,Peperomia humilis A. Dietr.,Johnson-Murray
982,Yellowtuft,rosa,68.69,Alyssum corsicum Duby,"Heathcote, Collier and Roberts"
983,Beechleaf Croton,bonsai,71.32,Croton betulinus Vahl,Simonis-Collins
984,Douglas' Buckwheat,rosa,79.4,Eriogonum douglasii Benth. var. sublineare (S. Stokes) Reveal,Stark-Quitzon
985,Spring Club Lichen,otros,42.57,Multiclavula vernalis (Schwein.) R. Petersen,Sauer-Klein
986,Pyrethum Daisy,otros,97.07,Tanacetum coccineum (Willd.) Grierson,West-Rutherford
987,Tabacon Aspero,rosa,83.0,Solanum rugosum Dunal,"Goldner, Reinger and Feeney"
988,Bitterbrush,rosa,56.39,Purshia DC. ex Poir.,"Bogan, Hagenes and Bergstrom"
989,Western Rattlesnake Plantain,rosa,7.78,Goodyera oblongifolia Raf.,Hartmann-Ziemann
990,Guayanan Waterclover,otros,90.49,Marsilea polycarpa Hook. & Grev.,Ruecker and Sons
991,Sweetjuice,rosa,90.2,Glinus L.,Mueller and Sons
992,Ballhead Waterleaf,rosa,32.42,Hydrophyllum capitatum Douglas ex Benth.,"McCullough, Orn and Thompson"
993,Lyall's Beardtongue,orquidea,91.09,Penstemon lyallii (A. Gray) A. Gray,Kohler and Sons
994,Parrothead Indian Paintbrush,rosa,35.26,Castilleja pilosa (S. Watson) Rydb.,Carter-Fritsch
995,San Bernardino Grass Of Parnassus,orquidea,87.12,Parnassia cirrata Piper,"Okuneva, Blick and Rowe"
996,Tropical Burnweed,rosa,5.13,Erechtites valerianifolius (Link ex Spreng.) DC.,Mante LLC
997,Ricegrass,bonsai,65.6,Oryzopsis holciformis (M. Bieb.) Hack.,"Sipes, Gutmann and Thiel"
998,Pineforest Prairie Clover,orquidea,23.16,Dalea urceolata Greene,Prosacco-Wolff
999,Lempholemma Lichen,rosa,94.42,Lempholemma radiatum (Sommerf.) Henssen,Schaden-Kris
1000,Whitewhorl Lupine,otros,16.57,Lupinus densiflorus Benth. var. densiflorus,"Thiel, Corwin and Mayer"
